Site,Geo Point,Geo Shape,Shape Length,Nom français
AQC,"48.9245929744917, 2.354921840568105","{""coordinates"":[[2.35486104393716,48.9246117727381],[2.35498263719905,48.9245741762453]],""type"":""LineString""}",14.95955388698039,Centre Aquatique
AQC,"48.921806773383445, 2.351409530235669","{""coordinates"":[[2.35444977004726,48.9192369052633],[2.35413505786386,48.9209195141368],[2.35166027291797,48.9207033166057],[2.35128833984763,48.9221320853836],[2.3496003362585,48.9221320853836],[2.34877063968567,48.9240213822951],[2.34917118319951,48.9242657637632],[2.34988643799838,48.9241435731786]],""type"":""LineString""}",1474.8362724183119,Centre Aquatique
AQC,"48.9246058983728, 2.3549701205230402","{""coordinates"":[[2.35492899340354,48.924632921011],[2.35501124764254,48.9245788757346]],""type"":""LineString""}",12.949246481951562,Centre Aquatique
AQC,"48.92469401565795, 2.3551024432627092","{""coordinates"":[[2.35517218082568,48.9247856575508],[2.35503270569974,48.9246023737651]],""type"":""LineString""}",34.717772790745606,Centre Aquatique
AQC,"48.924581225180646, 2.3548270696531","{""coordinates"":[[2.35493468962077,48.924562922141],[2.35471944968543,48.9245995282203]],""type"":""LineString""}",24.750037005105884,Centre Aquatique
AQC,"48.92467521690805, 2.354993366227665","{""coordinates"":[[2.35498631130858,48.9247316171616],[2.35500042114675,48.9246188166545]],""type"":""LineString""}",19.17543792323213,Centre Aquatique
AQC,"48.925540907362056, 2.359253641371062","{""coordinates"":[[2.36180260012369,48.925567544734],[2.3609442931074,48.9259341051384],[2.35798313421554,48.9257649237022],[2.35756828592912,48.9240542796657]],""type"":""LineString""}",738.3153202069899,Centre Aquatique
Arena Bercy,"48.838622926231935, 2.381809746119731","{""coordinates"":[[2.38408469360367,48.8396178286383],[2.38234125767332,48.8398826304424],[2.38066934650417,48.8390882220127],[2.38226079108175,48.8377347566298],[2.38080345599295,48.8368755824988],[2.38035642196823,48.8372551504796]],""type"":""LineString""}",1017.2029448276724,Arena Bercy à Paris
Arena Bercy,"48.838130327423784, 2.3771897361570486","{""coordinates"":[[2.37812516041436,48.8369541068032],[2.3780466503535,48.8370884454281],[2.37803121370364,48.8371200992268],[2.37798560174509,48.8371705111193],[2.37794131749654,48.8372393351553],[2.37790723092308,48.8372755629309],[2.37787649686225,48.8373106873695],[2.37761749639617,48.8376021663412],[2.37732664436504,48.8378627488986],[2.37669129650732,48.8384063452217],[2.37645939641671,48.8387178619213],[2.37707518705243,48.8390293760923],[2.37726294213331,48.8390117225392]],""type"":""LineString""}",460.6263910992127,Arena Bercy à Paris
Arena Bercy,"48.83811164278609, 2.377193747068085","{""coordinates"":[[2.3781279541749,48.8369664277849],[2.37796311062532,48.8372121177437],[2.37788711405061,48.8372919298995],[2.3776348186098,48.8375911327046],[2.37734229032236,48.8378517153195],[2.37673488186659,48.838370668725],[2.37646889610085,48.838704253619],[2.37702936668471,48.838993333464],[2.37721712086729,48.8389992175904]],""type"":""LineString""}",448.73074788413123,Arena Bercy à Paris
Arena Bercy,"48.838121050773395, 2.3771936622405976","{""coordinates"":[[2.37813577760272,48.8369671639217],[2.3779686981464,48.837205497274],[2.37788879120522,48.8372996536688],[2.37762895171269,48.8375911327046],[2.37733223188612,48.8378649560872],[2.37671588249834,48.8383813350187],[2.37660272711189,48.8385501500988],[2.37647615987824,48.8387233783202],[2.37707518705243,48.8390470302305],[2.3772092974395,48.8389999536974]],""type"":""LineString""}",454.6470844578513,Arena Bercy à Paris
Arena Bercy,"48.83810871141783, 2.3771927612549817","{""coordinates"":[[2.37813605697878,48.8369644050344],[2.37807710413993,48.8370442181761],[2.37798294812176,48.8371736832945],[2.37795050277033,48.8372208762506],[2.37791973367521,48.8372570354521],[2.37786825481951,48.8373161128677],[2.37762105821626,48.8376040513006],[2.37730513061232,48.837866611035],[2.37701902797412,48.8381139509272],[2.37674298467044,48.8383646006436],[2.37647476389629,48.8387235622001],[2.37705590920642,48.8390295599711],[2.37719001959349,48.8390060222932]],""type"":""LineString""}",450.04413547434893,Arena Bercy à Paris
Arena Chapelle,"48.897261928865774, 2.3678323055568855","{""coordinates"":[[2.36686372011254,48.894571463693],[2.37132680556556,48.895772952659],[2.37061383338581,48.8964652625572],[2.37059876414694,48.8985137500527],[2.37023443890874,48.8985132746618],[2.3699103321441,48.8984359370531],[2.36258709347142,48.8983261031402],[2.36262737392877,48.8987194917551],[2.3621956948072,48.8989535662616]],""type"":""LineString""}",2048.7377996326695,Arena Chapelle à Paris
CDM,"48.851278892813376, 2.3014047693503215","{""coordinates"":[[2.30162810999386,48.8522146062259],[2.30108140609172,48.8518160927986],[2.30146545114703,48.8515811373669],[2.30095233615169,48.8512029375978],[2.30132105458893,48.8509048094463],[2.30217162571405,48.8503604498228]],""type"":""LineString""}",432.07910922317416,Arena Champ-de-Mars
CPL,"48.89877488589068, 2.3633492443773245","{""coordinates"":[[2.36455509025652,48.899185667269],[2.36421310791607,48.8991548103712],[2.36381748267844,48.8989035466884],[2.36377724893347,48.8986434654782],[2.3637638379846,48.8986037919743],[2.36235567847108,48.8985905678597],[2.3622886237267,48.898969668584]],""type"":""LineString""}",372.21209249451175,Arena Porte de La Chapelle
CPL,"48.89933843450639, 2.3661603792482317","{""coordinates"":[[2.37013808431046,48.8998740277395],[2.36669598212076,48.8997729029098],[2.3661660505263,48.8995598776259],[2.36432710232901,48.898793342941],[2.36429357450768,48.8986346492123],[2.36227521187954,48.8986214251059]],""type"":""LineString""}",946.9217437308943,Arena Porte de La Chapelle
CPL,"48.89881351744212, 2.363422770148238","{""coordinates"":[[2.364756255388,48.899247380417],[2.36417287506943,48.899185667269],[2.36384430457617,48.8988903220625],[2.36379736580594,48.8986037919743],[2.36230203467557,48.8986082004054],[2.3622886237267,48.8989873015865]],""type"":""LineString""}",407.211283556448,Arena Porte de La Chapelle
CPL,"48.899164697886405, 2.3627490078564484","{""coordinates"":[[2.36334025807363,48.8995117038484],[2.36310560464669,48.8995088456541],[2.36311243633441,48.8992664418352],[2.36248247387682,48.8992499522149],[2.36249625762652,48.8989988136147],[2.36268795541322,48.8988600637936],[2.36245355081961,48.8988483911055],[2.3622755110185,48.8989784895151]],""type"":""LineString""}",267.4599852093428,Arena Porte de La Chapelle
CPL,"48.898444118510184, 2.368201556356781","{""coordinates"":[[2.37469700710793,48.8985376756803],[2.37158696030668,48.8984454078012],[2.37105154921352,48.8985871443645],[2.3704115642249,48.8985606300766],[2.37001110874594,48.8984432126127],[2.36248922112292,48.8983112986399],[2.36253616258808,48.8987260184619],[2.36219662815678,48.8989881490145]],""type"":""LineString""}",1497.3606085897677,Arena Porte de La Chapelle
CSB,"48.90606794076301, 2.5496514805801707","{""coordinates"":[[2.54869523526336,48.904852037456],[2.54948678487315,48.9065758755365],[2.55052628951415,48.9065131915807],[2.55103173792043,48.9062060389317],[2.55105081067916,48.9062060389317]],""type"":""LineString""}",499.909362293276,Clichy-sous-Bois
CSB,"48.9055336282172, 2.5534252491314637","{""coordinates"":[[2.55166859797713,48.9046568205156],[2.55367608290548,48.9046505520303],[2.55369992419312,48.9063649947684],[2.55444379123214,48.9066094626266],[2.5543627281592,48.9066564755846],[2.55341859071077,48.9063430552262]],""type"":""LineString""}",736.2015218737795,Clichy-sous-Bois
CTX,"46.8228711397013, 1.757478688348834","{""coordinates"":[[1.75737910051435,46.8218016819671],[1.75757221943583,46.8230130020708],[1.75761011576439,46.8232506986212],[1.75728254150278,46.8238939448922]],""type"":""LineString""}",347.95346304844963,Centre National de Tir de Châteauroux
DEF,"48.89608441177537, 2.2256329403546458","{""coordinates"":[[2.22343289783497,48.8962919482755],[2.22361528817698,48.8963783527262],[2.22378963230902,48.8966093501041],[2.22433009741149,48.896421554305],[2.22660125763868,48.8957195181178],[2.22676755466239,48.8959804962741],[2.22787798913453,48.8956525101845]],""type"":""LineString""}",599.5437688827733,Paris La Defense Arena
DEF,"48.895965370162024, 2.225656599821464","{""coordinates"":[[2.22307326539581,48.8962530843545],[2.22345548058287,48.8964382362038],[2.22362311879131,48.8963809270339],[2.22378405107616,48.8966101615476],[2.22721057321779,48.8955565565291],[2.22735809455376,48.8954551622307],[2.2278811251532,48.8953140916119],[2.22782345780353,48.8951430435578],[2.22813861734792,48.8950592822183]],""type"":""LineString""}",691.9303871739829,Paris La Defense Arena
DEF,"48.89638358257144, 2.224049627238851","{""coordinates"":[[2.21828531564602,48.8974048115622],[2.21842478987366,48.8976093548614],[2.21947621581143,48.8972849062972],[2.21984099649549,48.8977997912996],[2.2275228435279,48.8954298660602],[2.22796272516633,48.8952711616532],[2.2278804707946,48.8951206858055],[2.22926180925023,48.8947033487282],[2.22992520815093,48.8945093735215]],""type"":""LineString""}",1541.0321136047012,Paris La Defense Arena
DEF,"48.89592777270667, 2.225761971694094","{""coordinates"":[[2.2230894341726,48.8964319342063],[2.22343812153832,48.8964460406163],[2.2236312404598,48.8963931406724],[2.22376535084688,48.8965976881112],[2.22720930749158,48.8955396741284],[2.22787449558642,48.895303381341],[2.22781012231315,48.8951411501339],[2.22831035367069,48.8950071320364],[2.22831035367069,48.8950062502867]],""type"":""LineString""}",695.9022787569568,Paris La Defense Arena
DEF,"48.89612318219092, 2.225484290572715","{""coordinates"":[[2.22310195039946,48.8964208284913],[2.22345332013462,48.8964366983535],[2.2236625323744,48.8963802714979],[2.22380468897147,48.8966059791287],[2.22659418699906,48.8957436994429],[2.22677121260224,48.8960011505444],[2.22787091849494,48.895654649271]],""type"":""LineString""}",632.4758432335483,Paris La Defense Arena
DEF,"48.89693177128489, 2.2259860094362147","{""coordinates"":[[2.22571254728563,48.9004240936437],[2.22661376885972,48.8991968896101],[2.22532630853268,48.8986890721418],[2.22374559357165,48.8965590035637],[2.22782255127394,48.8952658713572],[2.22748638129572,48.8946827752361],[2.22897411279263,48.8947109897142]],""type"":""LineString""}",1574.3923245222613,Paris La Defense Arena
DEF,"48.896101265368934, 2.225520852056295","{""coordinates"":[[2.22324895071255,48.896389976383],[2.2234333523825,48.8964362642828],[2.22363451751395,48.8963855683468],[2.22381171110209,48.896599703728],[2.22444873611446,48.8963825924497],[2.22645284876724,48.895759330335],[2.22659947692804,48.8957422844547],[2.226786337678,48.8959856286419],[2.22700538415114,48.8958927583697],[2.22744616037567,48.8957716741368],[2.22780736448523,48.8956623451388]],""type"":""LineString""}",603.0997896584142,Paris La Defense Arena
ECM,"48.85499712716611, 2.302913309599977","{""coordinates"":[[2.30437332107794,48.854111920692],[2.30193871777469,48.8556755174874],[2.30146141591477,48.855355913615],[2.3014587542066,48.8553533649749]],""type"":""LineString""}",455.0573067616965,Eiffel Champ-de-Mars
ECM,"48.855300701692265, 2.30156204413541","{""coordinates"":[[2.30172826855478,48.8552849606567],[2.30142422206875,48.8553153215418],[2.30140100511023,48.8552978794174],[2.30140100511023,48.8552978794174]],""type"":""LineString""}",38.156627286919026,Eiffel Champ-de-Mars
ECM,"48.854996731761396, 2.302919178348176","{""coordinates"":[[2.3043705282157,48.8541078021007],[2.30193961519166,48.8556811549576],[2.30147438579086,48.8553631995804]],""type"":""LineString""}",454.25898692010594,Eiffel Champ-de-Mars
ECM,"48.85499963625328, 2.302915276011191","{""coordinates"":[[2.30437025206669,48.8541135111525],[2.30194161984558,48.855680230345],[2.30146943228525,48.8553522058945]],""type"":""LineString""}",455.0584705191483,Eiffel Champ-de-Mars
ECM,"48.85498947624981, 2.302933131194521","{""coordinates"":[[2.30437830672777,48.8541102071736],[2.30193717985893,48.8556722619633],[2.30149501021146,48.8553713142071],[2.30149501021146,48.8553713142071]],""type"":""LineString""}",449.88207812538855,Eiffel Champ-de-Mars
EIF,"48.85622499923237, 2.2948348375325054","{""coordinates"":[[2.29615994995929,48.8542709320507],[2.29548073009547,48.8547013763849],[2.29564633541641,48.8553760249339],[2.29349216817858,48.8566862174517],[2.29497600087333,48.8576547937972],[2.29568613258016,48.8572173011588],[2.29566669573233,48.8572340156409]],""type"":""LineString""}",891.7001942073666,Stade Tour Eiffel
ELA,"48.79142672269811, 1.9648454495093128","{""coordinates"":[[1.96573301351485,48.7914839050224],[1.96556850413856,48.79119646561],[1.96389480622031,48.7916723894547],[1.96385904339053,48.7916111318551]],""type"":""LineString""}",265.9267988093734,Colline d'Elancourt
ELA,"48.79079811486634, 1.9742804318831242","{""coordinates"":[[1.97699438164353,48.795403633719],[1.9771320026634,48.7953734598106],[1.97630980282291,48.7942474064291],[1.97614663552965,48.7942047054376],[1.97610193176786,48.7941237203925],[1.97618686837629,48.7940397899221],[1.97502681366278,48.7924171122838],[1.9748927032757,48.7923552667515],[1.97484129359028,48.7922463012763],[1.97487705642006,48.7921785653179],[1.97337949028128,48.7900168663019],[1.97373711857904,48.7899064226837],[1.9739002858723,48.7896001249331],[1.97360971321724,48.7893159138522],[1.97334596245991,48.7892805717112],[1.97319620611555,48.7892790986282],[1.9730062160262,48.7892997152753],[1.97308221260094,48.7891023863609],[1.97346889690656,48.7888888585529],[1.97370582576612,48.788685637397],[1.9737348826723,48.7885265943851],[1.97369688483408,48.7883542976145],[1.97361418413239,48.7882335415015],[1.97261729581384,48.7875664355623],[1.97249212635877,48.7874280064192],[1.97237142692056,48.7872674862792],[1.97234237001438,48.7871187478389],[1.9714393592363,48.7871320014197]],""type"":""LineString""}",1811.7375875135863,Colline d'Elancourt
ELA,"48.79141988639094, 1.9648572351547993","{""coordinates"":[[1.96574731828743,48.7914886170235],[1.96552558892249,48.7911917529898],[1.96393056905009,48.7916629648948],[1.96386619577682,48.7916205564248]],""type"":""LineString""}",260.6319247622063,Colline d'Elancourt
ELA,"48.79142572433397, 1.964861664939635","{""coordinates"":[[1.96574731828743,48.7914839050224],[1.9655184374345,48.791210601693],[1.9639234166638,48.7916629648948],[1.96389480622031,48.7916299804008]],""type"":""LineString""}",252.47318169303966,Colline d'Elancourt
ELA,"48.79144070662318, 1.964852600913684","{""coordinates"":[[1.96574731828743,48.7915027536158],[1.96554704697969,48.7912200263378],[1.96390911099289,48.7916771014381],[1.96385904339053,48.7916346923881]],""type"":""LineString""}",259.81431296645167,Colline d'Elancourt
ELA,"48.791437610582484, 1.9648403264599446","{""coordinates"":[[1.96573301351485,48.791512177614],[1.96553274220708,48.7912153137197],[1.9639019586066,48.7916723894547],[1.96385904339053,48.7916064198656]],""type"":""LineString""}",264.30472625519,Colline d'Elancourt
GRX,"48.86492670595565, 2.3062828870645724","{""coordinates"":[[2.30182139505049,48.8650438905498],[2.30223981965678,48.8648603873485],[2.30320541490206,48.8648250981942],[2.30973927606179,48.8649662546621],[2.3099431239469,48.8651568152622],[2.31040446389742,48.8651568152622],[2.31044737924166,48.8654814723913]],""type"":""LineString""}",1037.3078024134925,Grand Palais-Pont Alexandre III
GRX,"48.86733019084474, 2.310460505109156","{""coordinates"":[[2.31101923541626,48.8688567170017],[2.31035404732142,48.8684756235059],[2.31045060723132,48.8654973462066]],""type"":""LineString""}",602.3180654176967,Grand Palais-Pont Alexandre III
GRX,"48.86727026805569, 2.3104366732113535","{""coordinates"":[[2.31071882800547,48.8689202325976],[2.31034331874198,48.8684826806551],[2.31049352244739,48.8655044043667]],""type"":""LineString""}",589.3164084278384,Grand Palais-Pont Alexandre III
GRX,"48.86492462479367, 2.306322027220549","{""coordinates"":[[2.30184285272261,48.8650580061528],[2.30227200616496,48.8648462716897],[2.30320541490206,48.8648250981942],[2.30977146256996,48.8649591968482],[2.30992166627478,48.8651638730483],[2.31047956574983,48.8651638730483],[2.31049029458589,48.8654602991644]],""type"":""LineString""}",1045.7074663465637,Grand Palais-Pont Alexandre III
GRX,"48.86723646101091, 2.310431875078893","{""coordinates"":[[2.31078320127874,48.8688214309186],[2.31034331874198,48.8684826806551],[2.31047206439019,48.8654691153287]],""type"":""LineString""}",585.5738931748798,Grand Palais-Pont Alexandre III
GRX,"48.864932305257085, 2.3063246944091342","{""coordinates"":[[2.30189649695635,48.8650438904218],[2.30225054816264,48.8648886186943],[2.30311958465669,48.864846271561],[2.30972854679584,48.864952139327],[2.30994312377448,48.8651568153879],[2.31040446347012,48.8651497577697],[2.31043665010675,48.8654744148613]],""type"":""LineString""}",1028.7978200570744,Grand Palais-Pont Alexandre III
GRX,"48.86494351185222, 2.3062225532511786","{""coordinates"":[[2.30173556436202,48.8650580061528],[2.3022076331486,48.8648392138589],[2.30967490304544,48.864973312475],[2.30990020860267,48.8651568152622],[2.31039373506137,48.8651850464006],[2.31042592156954,48.8655026456091]],""type"":""LineString""}",1044.7724768011187,Grand Palais-Pont Alexandre III
GRX,"48.86493749494203, 2.3062791248997336","{""coordinates"":[[2.3017677508702,48.8650650639528],[2.30218617547649,48.8648533295196],[2.30972854722573,48.8649450812173],[2.30992166627478,48.8651568152622],[2.31045810807772,48.8651709308334],[2.31046883691378,48.8654885301315]],""type"":""LineString""}",1053.82853342214,Grand Palais-Pont Alexandre III
GRX,"48.867314511454815, 2.3104586452990885","{""coordinates"":[[2.31092267550639,48.868955518611],[2.31035404732142,48.8684544514615],[2.31047206439019,48.8654691153287]],""type"":""LineString""}",611.1895403867621,Grand Palais-Pont Alexandre III
GRX,"48.864952325982976, 2.306303747632797","{""coordinates"":[[2.30182139505049,48.8650227171378],[2.30222909082072,48.8648533295196],[2.3097607337339,48.8649874280979],[2.30993239511084,48.8651568152622],[2.31046883691378,48.8651568152622],[2.31049029458589,48.8654602991644]],""type"":""LineString""}",1037.981859355774,Grand Palais-Pont Alexandre III
GRX,"48.867204241729425, 2.3103722708587764","{""coordinates"":[[2.31053643766346,48.868863774688],[2.31031113210535,48.8684897378033],[2.31041842059469,48.8654902886363]],""type"":""LineString""}",575.8173741695667,Grand Palais-Pont Alexandre III
GRX,"48.8673942606686, 2.3104666642424183","{""coordinates"":[[2.31111579442783,48.868955518611],[2.31034331874198,48.8684756235059],[2.31042914917412,48.8655044043667]],""type"":""LineString""}",621.1837453904983,Grand Palais-Pont Alexandre III
HDV,"48.856363971992835, 2.350753526907594","{""coordinates"":[[2.35087759057387,48.8560473864314],[2.35062369523353,48.856184444677],[2.35088596197398,48.8567674200283]],""type"":""LineString""}",139.42386359604177,Hôtels et Villages
HDV,"48.85463974308153, 2.355128425115878","{""coordinates"":[[2.3574739814036,48.8537855305918],[2.35383690597971,48.8551903295215],[2.35361160042248,48.8550067901915],[2.35281766655414,48.8553385723353]],""type"":""LineString""}",614.0981260172364,Hôtels et Villages
HDV,"48.85647964616195, 2.35073883140518","{""coordinates"":[[2.35055933184173,48.8561851840778],[2.35091833096863,48.8567741082461]],""type"":""LineString""}",107.35677897030101,Hôtels et Villages
HDV,"48.85449270334403, 2.3551158621436024","{""coordinates"":[[2.35591336014788,48.8543103295279],[2.35518086039046,48.8546082178012],[2.35497142626683,48.8543988120161],[2.35431937468568,48.8546529888611]],""type"":""LineString""}",222.6388137102827,Hôtels et Villages
HDV,"48.85474355039145, 2.354924781942367","{""coordinates"":[[2.35704482796125,48.8540114305669],[2.3538154483076,48.8552185662818],[2.35359014275036,48.8549856125332],[2.35287131073443,48.855324453991]],""type"":""LineString""}",558.607661228012,Hôtels et Villages
HDV,"48.85427633699189, 2.3558567196760634","{""coordinates"":[[2.35744312811444,48.8537005780133],[2.35516093388061,48.8546375824222],[2.35493559219753,48.8544174635163],[2.35430499828848,48.8546786995312]],""type"":""LineString""}",427.30888140311947,Hôtels et Villages
HDV,"48.85430819628538, 2.3558774088269985","{""coordinates"":[[2.35720447632389,48.8538707531966],[2.35521664412229,48.8546155519229],[2.35492895498699,48.8544200194486],[2.35456978021534,48.8545404320194]],""type"":""LineString""}",345.564060390888,Hôtels et Villages
HDV,"48.854236118801964, 2.3560123083230566","{""coordinates"":[[2.35774909754127,48.853619119591],[2.35520040819694,48.8546227286778],[2.35492754762435,48.8544493538939],[2.35428047739412,48.8546640901627]],""type"":""LineString""}",453.54636825085186,Hôtels et Villages
HDV,"48.85440051574037, 2.355488308749556","{""coordinates"":[[2.3566857489055,48.8540468642268],[2.35519700877771,48.8546007199419],[2.35498664182076,48.8543895503231],[2.35432245669322,48.8546711550014]],""type"":""LineString""}",321.0577647347412,Hôtels et Villages
HDV,"48.85455243754228, 2.3547899636881957","{""coordinates"":[[2.35521650671245,48.8546336875921],[2.35494345839197,48.8544532543104],[2.35433930235105,48.8546608083547]],""type"":""LineString""}",118.94843060351086,Hôtels et Villages
IBC,"48.94398628270891, 2.42319327574844","{""coordinates"":[[2.42326122476569,48.9446298775236],[2.42312532673119,48.9433426878942]],""type"":""LineString""}",218.6877835501281,Centre international de radio-télévision
IBC,"48.943067863028006, 2.423001945372695","{""coordinates"":[[2.4228410126387,48.9427824679908],[2.42316287810669,48.9433532580652]],""type"":""LineString""}",103.16261640397995,Centre international de radio-télévision
IBC,"48.94374552398065, 2.422725677490225","{""coordinates"":[[2.42225092639656,48.9441307433134],[2.42320042858389,48.9433603046479]],""type"":""LineString""}",167.99761494970028,Centre international de radio-télévision
INV,"48.861314190208894, 2.311395466698899","{""coordinates"":[[2.31098240524786,48.862438861939],[2.31127745202088,48.8624347188302],[2.31155819455226,48.8623788161322],[2.31139225544813,48.8610541307902],[2.31129812188782,48.8600333537795],[2.31160403776794,48.8600371468321]],""type"":""LineString""}",497.5132777732019,Invalides
INV,"48.859651861486896, 2.311883931208712","{""coordinates"":[[2.31094658353205,48.8623544349204],[2.3115012898637,48.8624190809381],[2.31140825534166,48.8610436058441],[2.3110890021745,48.8582181259044],[2.31217806662436,48.8584174139771],[2.31429915070692,48.8582836278381],[2.3142740176419,48.8583474547292]],""type"":""LineString""}",1149.2757557905734,Invalides
INV,"48.8604428793665, 2.3113204796498876","{""coordinates"":[[2.31100888066567,48.8624079587439],[2.31156866852341,48.8624031398368],[2.31139762108532,48.8610400758586],[2.31109820451627,48.8583627468351],[2.31141927138197,48.8583308204069],[2.31144297253242,48.8584152662054]],""type"":""LineString""}",798.6621368452143,Invalides
INV,"48.85956592336204, 2.3123891620233046","{""coordinates"":[[2.31095042199337,48.8624011864346],[2.31154046999065,48.8623716650258],[2.31139413810481,48.8612737748139],[2.31111839759071,48.8581874137727],[2.31208264788742,48.8583992562299],[2.31432012573607,48.8582536564632],[2.31454182852908,48.8600486033293],[2.31431109133219,48.8600289032411]],""type"":""LineString""}",1469.5490174282609,Invalides
INV,"48.863942660102595, 2.3138696037557995","{""coordinates"":[[2.31451284643828,48.8650624377591],[2.31397640399165,48.865048321904],[2.31396209921907,48.8645872098588],[2.31384765834344,48.864399000086],[2.31364023375108,48.8623804016753]],""type"":""LineString""}",514.4696664454784,Invalides
INV,"48.86049080662687, 2.311306189815188","{""coordinates"":[[2.31088940768043,48.8623859932832],[2.31157267385004,48.8623942989012],[2.31137607139995,48.8610578451637],[2.31110883787431,48.8583590949099],[2.31141927138197,48.8583308204069],[2.31143751526709,48.8584117986827]],""type"":""LineString""}",809.6140119639332,Invalides
INV,"48.85956382091681, 2.3124693825956335","{""coordinates"":[[2.31083969028859,48.8624148520154],[2.31154620320698,48.8624042739137],[2.31140308194391,48.8610790812096],[2.31108391771,48.8581989607746],[2.31210137026204,48.8584171876159],[2.3146914908056,48.8582863033989],[2.3148788461362,48.8599245495497],[2.31467560230317,48.8599348075976]],""type"":""LineString""}",1501.064541111486,Invalides
LBO,"48.93758889409731, 2.420031782033979","{""coordinates"":[[2.41936053947773,48.9377050409659],[2.4194624641265,48.9377755164933],[2.42071773756519,48.9373738053036]],""type"":""LineString""}",171.91069582850074,Site d'escalade du Bourget
LBO,"48.93848521990878, 2.4185893138063403","{""coordinates"":[[2.42036512545994,48.93908010272],[2.42063215506804,48.9389548162961],[2.42055586025266,48.9389140985094],[2.41984060455546,48.9390863674755],[2.41892984580801,48.9389140985094],[2.41836240968745,48.9386791850565],[2.41759947051665,48.938190562005],[2.41685613078869,48.9374606007616],[2.41710408646839,48.9373603683956],[2.41696103514927,48.9372382098536]],""type"":""LineString""}",638.4234567803644,Site d'escalade du Bourget
lbo,"48.93722570801776, 2.4166514949383173","{""coordinates"":[[2.41641541641198,48.9372661181592],[2.41644974822552,48.9371054317234],[2.41679307085238,48.9373168605467],[2.41698618977386,48.9372576604012],[2.41698618977386,48.9372576604012]],""type"":""LineString""}",103.60863453139216,Site d'escalade du Bourget
LBO,"48.937119073981094, 2.420696628663255","{""coordinates"":[[2.4205772009501,48.9369225148011],[2.42081605637641,48.9373156331611]],""type"":""LineString""}",71.73004323067993,Site d'escalade du Bourget
lbo,"48.93721144590198, 2.4166570733770754","{""coordinates"":[[2.41637303659185,48.9371942286455],[2.41648032508116,48.93709203841],[2.41678609723084,48.9373140381499],[2.41696312283399,48.9372470859888],[2.41696848757286,48.937243561971]],""type"":""LineString""}",95.35499077467888,Site d'escalade du Bourget
LBO,"48.93851517446037, 2.4186287142116893","{""coordinates"":[[2.42070795221677,48.9392048872726],[2.42059351134117,48.9389323895062],[2.41976381476834,48.9390952621642],[2.41896749689652,48.9389104642661],[2.41824270468427,48.9386223037465],[2.4175512902747,48.9381117551373],[2.41687738043677,48.9374722461374],[2.41705381045687,48.9373720137948],[2.41699659046822,48.9372529874789]],""type"":""LineString""}",627.3593748584655,Site d'escalade du Bourget
LBO,"48.93855814775324, 2.4187913963024923","{""coordinates"":[[2.42121183073439,48.939257602051],[2.42058717462515,48.9389287251707],[2.41980992978344,48.9391072588392],[2.41893731799453,48.9389287251707],[2.41826020835758,48.9386624907052],[2.41756402658878,48.938130016334],[2.41689168610764,48.9375254950038],[2.41688214959259,48.9374659817694],[2.41708718915789,48.9373469562677],[2.41697751653978,48.9372467230834]],""type"":""LineString""}",677.7096000769691,Site d'escalade du Bourget
LCO,"48.86510580487766, 2.3295830447053283","{""coordinates"":[[2.33149443148264,48.86660427504],[2.33014259813408,48.8643387402123],[2.32722435535658,48.8652350855664],[2.32710633738951,48.8650586409508]],""type"":""LineString""}",803.0003841788483,La Concorde
LCO,"48.86511633455298, 2.329616407216476","{""coordinates"":[[2.3314837029032,48.866611333044],[2.33016405619125,48.8643669717278],[2.32725654109489,48.86522096976],[2.32715998208331,48.8650868720602]],""type"":""LineString""}",786.7864406917929,La Concorde
LCO,"48.86510184479098, 2.329603575990436","{""coordinates"":[[2.33149443148264,48.8665972176259],[2.33016405619125,48.8643387402123],[2.32725654109489,48.8652280279591],[2.32713852402615,48.8650586409508]],""type"":""LineString""}",798.3433685141212,La Concorde
LCO,"48.8650988772391, 2.3296019154411995","{""coordinates"":[[2.33149443148264,48.8665972176259],[2.33016405619125,48.8643387402123],[2.32723508393602,48.86522096976],[2.32712779544671,48.8650656985819]],""type"":""LineString""}",797.342881367186,La Concorde
LCS,"48.9406531105445, 2.404880864156682","{""coordinates"":[[2.40497556852262,48.9402155717158],[2.40500945960316,48.9403604597224],[2.40459732405788,48.9406089455973],[2.40521857850388,48.941052071438]],""type"":""LineString""}",189.211496244372,La Courneuve
LCS,"48.94076637026184, 2.4048115162931856","{""coordinates"":[[2.40437389114711,48.9405247593795],[2.40460989265652,48.9405993842455],[2.40521939923571,48.941065193702]],""type"":""LineString""}",133.2525800211965,La Courneuve
LCS,"48.940727609717214, 2.4047898027717123","{""coordinates"":[[2.40437522714779,48.9403903700309],[2.40462972438565,48.9405829730047],[2.40460457835546,48.9406042393872],[2.40522717738553,48.9410615021125]],""type"":""LineString""}",151.7520006532994,La Courneuve
LCS,"48.94064378297263, 2.4048581574994237","{""coordinates"":[[2.40485588113607,48.9402369944332],[2.40495896222746,48.9403715954887],[2.40459872919905,48.9406102228957],[2.40518962229144,48.94102090621]],""type"":""LineString""}",178.2540312850731,La Courneuve
LCS,"48.94077234795186, 2.4048331975651642","{""coordinates"":[[2.40447270362806,48.940441311995],[2.40459580173329,48.9405951848264],[2.40522005151695,48.9410765486741]],""type"":""LineString""}",136.62431608687126,La Courneuve
LCS,"48.94079434628152, 2.4048384617255403","{""coordinates"":[[2.40441803988436,48.9405885689564],[2.4046020743102,48.9406116490191],[2.40523137242863,48.9410696203751]],""type"":""LineString""}",125.41140662877763,La Courneuve
LCS,"48.94070858547949, 2.4048399931553166","{""coordinates"":[[2.40466824343488,48.9403053460495],[2.40480870155026,48.9404809195052],[2.40459181205181,48.9406184637158],[2.40523625994947,48.941080520538]],""type"":""LineString""}",173.3757572664582,La Courneuve
LCS,"48.94073406014374, 2.4048247824387996","{""coordinates"":[[2.40456893121337,48.9403824203192],[2.40473580765044,48.9405287361309],[2.40459602709729,48.9406222951586],[2.40522182316861,48.9410749305982]],""type"":""LineString""}",156.82206107577812,La Courneuve
LGN,"48.75564487591613, 2.0739688013616404","{""coordinates"":[[2.07354688882522,48.7565760436525],[2.07312488815252,48.7557508429581],[2.07493001408841,48.7553347006854],[2.0748254079685,48.7551242711412],[2.07450533194457,48.7551896994067],[2.07446956821649,48.7551283972772]],""type"":""LineString""}",445.70604681637343,Ligue Générale des Nations
LGN,"48.755652509464106, 2.0739663063260947","{""coordinates"":[[2.07356119359781,48.756577222176],[2.0733501928123,48.7561569612897],[2.07313025199309,48.7557614528046],[2.0749219687767,48.75533234358],[2.07481646793479,48.7551260395698],[2.07450533194457,48.7551944148154],[2.07449817865995,48.7551425435191]],""type"":""LineString""}",440.14948506653235,Ligue Générale des Nations
LGN,"48.75553398877912, 2.074043855836411","{""coordinates"":[[2.07332515946025,48.7561327942423],[2.07317495575488,48.7558569413219],[2.07312488725419,48.7557744203259],[2.07489514598064,48.7553264490391],[2.07482719651422,48.755118966447],[2.07454824716064,48.7551896994067],[2.07451248343256,48.7551708371754],[2.07454109387601,48.7551755525858]],""type"":""LineString""}",353.0711116945585,Ligue Générale des Nations
LGN,"48.75553272922656, 2.0754494013401175","{""coordinates"":[[2.07546377416561,48.7559253149804],[2.0761647241919,48.7557791356796],[2.0760502842146,48.7556895421056],[2.07548523132448,48.7554207592404],[2.07535648567627,48.7554254746273],[2.07522058674347,48.7554301900139],[2.07508468870897,48.7554113278729],[2.07499885827683,48.755392466317],[2.07489872217378,48.7553358804226],[2.07482004412793,48.755118966447],[2.07452813028817,48.7551723106672],[2.07451069668343,48.7551449018179]],""type"":""LineString""}",325.2968007327096,Ligue Générale des Nations
LGN,"48.755548592343686, 2.0754674630246526","{""coordinates"":[[2.07543337607469,48.7559536081959],[2.07620048702168,48.7557850301674],[2.0754709265519,48.7554066130768],[2.07524204480064,48.7554301900139],[2.07507753632268,48.755399833743],[2.07492017933265,48.7553503215402],[2.0748763702929,48.7552514426791],[2.07481959586861,48.7551292814915],[2.07452634174241,48.7551764367992],[2.07450533194457,48.7551378286978]],""type"":""LineString""}",337.05989068450566,Ligue Générale des Nations
LGN,"48.75556539127314, 2.074018519873516","{""coordinates"":[[2.0734324479496,48.7562978349214],[2.07313204053881,48.7557461276017],[2.07492375642413,48.7553347012777],[2.07482138531267,48.7551216190903],[2.07452678910344,48.7551944148154],[2.07448387388737,48.755118966447],[2.07448387388737,48.7551236818624]],""type"":""LineString""}",397.34797844934735,Ligue Générale des Nations
LIL,"50.610707740939276, 3.129180802435946","{""coordinates"":[[3.13002571442822,50.6099763783144],[3.12995418876866,50.6101284338152],[3.12921032262796,50.6102532551702],[3.12866763599177,50.6115668048416],[3.12889972383027,50.6116173047944],[3.12890130037358,50.6116151078318]],""type"":""LineString""}",379.4374358486242,Lille (une autre ville impliquée dans les JO)
LIL,"50.60929334103042, 3.1272839287983385","{""coordinates"":[[3.12882250375014,50.6116720110679],[3.12863000556453,50.6116066004439],[3.12899058213307,50.6108744132068],[3.12876952560626,50.6108100914231],[3.12757505823083,50.6100007908677],[3.12563283950114,50.6087107036924],[3.12755720151963,50.6073913219817],[3.1270256674677,50.6070750866732]],""type"":""LineString""}",1089.9054297196558,Lille (une autre ville impliquée dans les JO)
LIL,"50.61072020953515, 3.1291739380538695","{""coordinates"":[[3.13002347941977,50.6099765561754],[3.12995552995336,50.6101263422452],[3.12920808761955,50.6102557030245],[3.12865872919575,50.6115933787605],[3.12889601199153,50.6116349916506],[3.12889627968947,50.6116355537171]],""type"":""LineString""}",383.588337741216,Lille (une autre ville impliquée dans les JO)
LIL,"50.61071884599421, 3.1291774336040317","{""coordinates"":[[3.12888327477909,50.6116371059554],[3.12866414873184,50.6115931729733],[3.12921482678081,50.6102580613787],[3.12995505115134,50.6101297894307],[3.13001649951002,50.6099842098975]],""type"":""LineString""}",379.5342500550639,Lille (une autre ville impliquée dans les JO)
LIL,"50.610710783077806, 3.129179459941751","{""coordinates"":[[3.12887061841508,50.6116358832043],[3.12866555818852,50.611589140456],[3.12921245163518,50.6102518995582],[3.12996088840404,50.6101346823017],[3.13001519695287,50.6099893747056]],""type"":""LineString""}",378.61938443918785,Lille (une autre ville impliquée dans les JO)
LIL,"50.61071438919198, 3.1291735201496342","{""coordinates"":[[3.13001632703348,50.6099873361457],[3.12994480137392,50.6101280444605],[3.12921524000584,50.6102551352409],[3.12866297912535,50.611564362756],[3.1289007371299,50.611615651087],[3.12890075060465,50.6116159235696]],""type"":""LineString""}",375.9087563112127,Lille (une autre ville impliquée dans les JO)
NPA,"48.9700098276344, 2.5140977619297122","{""coordinates"":[[2.51388971603981,48.9693882516943],[2.51398091031252,48.969526765533],[2.5142813177233,48.9699211750719],[2.51409105993601,48.9699836228842],[2.51414971094094,48.9700606262358],[2.51389507988038,48.9701442028664],[2.51412539264788,48.9704465800082],[2.51439075228784,48.9703770894198]],""type"":""LineString""}",259.4672360272526,Nouvelle Paris Arena
NPA,"48.96959012104228, 2.5141770415386584","{""coordinates"":[[2.51439128858208,48.9684315583577],[2.51452227013703,48.9684990554538],[2.5139773350177,48.9695385036764],[2.51427774242849,48.9699188274615],[2.51409193040353,48.9699820743242],[2.5141471938615,48.9700520401734],[2.51386983362765,48.970146448448],[2.514102690424,48.9704412473736],[2.51439672159292,48.9703679449675]],""type"":""LineString""}",440.36258291385036,Nouvelle Paris Arena
NPA,"48.96995045598683, 2.514092574562132","{""coordinates"":[[2.51398895742085,48.9692051310736],[2.51397018173308,48.9695291131619],[2.51428131862163,48.9699211750719],[2.51408728072362,48.9699875332043],[2.51414772117257,48.9700636938657],[2.51389507988038,48.9701301166755],[2.51414469654501,48.9704446540562],[2.5143973378372,48.9703782310757]],""type"":""LineString""}",289.59630491661756,Nouvelle Paris Arena
NPA,"48.969865189915566, 2.514089817275943","{""coordinates"":[[2.51407478785295,48.9690038159107],[2.51395230076736,48.969524417904],[2.51428847100792,48.9699164792612],[2.51409239483253,48.9699889302105],[2.51414539453598,48.9700507416492],[2.51390599530941,48.9701391998425],[2.51412038543849,48.970437659064],[2.51439218240579,48.9703836627863]],""type"":""LineString""}",320.84554746214735,Nouvelle Paris Arena
NPA,"48.96980749076844, 2.514100602261334","{""coordinates"":[[2.5142571790933,48.9688823221841],[2.51396302934679,48.969524417904],[2.51426343675758,48.9699258702924],[2.51408263733193,48.9699841724874],[2.51413477914428,48.9700538511486],[2.51386830559335,48.9701397801084],[2.51413469110937,48.9704329633019],[2.51438083488712,48.9703826679654]],""type"":""LineString""}",344.77132762954375,Nouvelle Paris Arena
NPA,"48.969695746049254, 2.5141372511189113","{""coordinates"":[[2.51443688706591,48.9686264201776],[2.51393799599478,48.9695408513047],[2.51426343675758,48.9699141316506],[2.51408171027055,48.9699824075064],[2.51414686238317,48.9700571369687],[2.51388963968302,48.9701537772518],[2.51413366702994,48.9704336727082],[2.51441853538297,48.9703687422397]],""type"":""LineString""}",396.80039082482415,Nouvelle Paris Arena
OLV,"48.919073258065914, 2.3420696324136907","{""coordinates"":[[2.34497867031004,48.9197846437469],[2.34474678099923,48.919755703865],[2.34451178800908,48.920228702308],[2.344141402736,48.9202255348054],[2.34168106629313,48.9181961986425],[2.34146037178738,48.918355239344],[2.34048848807474,48.9186573466288],[2.33964669568662,48.918934424278],[2.33947346726217,48.9186033291238],[2.33915974053065,48.9183049316354],[2.33904472563158,48.9183533704119]],""type"":""LineString""}",988.2506440392514,Olympique Village
OLV,"48.9257155676358, 2.337167317326714","{""coordinates"":[[2.33749314658351,48.9259688738105],[2.33746257770077,48.9259835111896],[2.33732621974698,48.9258595846108],[2.3374326970576,48.925800571555],[2.33719241927867,48.9256238152784],[2.33692098972232,48.9257448642854],[2.33690567434503,48.9257325881733],[2.33710394061308,48.9256392768738],[2.33688375545209,48.9254712483369]],""type"":""LineString""}",189.7023239707105,Olympique Village
OLV,"48.92572960289447, 2.3371804326818175","{""coordinates"":[[2.3375343918008,48.9260484756183],[2.33732897577827,48.925859769351],[2.33742767817012,48.9258039452829],[2.33719337778107,48.925625426009],[2.33692670372643,48.9257454171606],[2.33690606446355,48.9257325496872],[2.33710503206278,48.925640581157],[2.33688661038275,48.9254724772755]],""type"":""LineString""}",197.4203743102549,Olympique Village
OLV,"48.92574548673413, 2.3371927822478265","{""coordinates"":[[2.33743137473751,48.9260686612198],[2.33751675691033,48.9260370129066],[2.33732358408993,48.9258592558556],[2.3374266954132,48.925804236264],[2.33719284957171,48.9256260994585],[2.33692533035429,48.925747937518],[2.33690832620704,48.9257337517928],[2.33710254374167,48.92564130417],[2.33688419187042,48.9254703448809]],""type"":""LineString""}",206.3666720835759,Olympique Village
OLV,"48.92592267129338, 2.3344459889799216","{""coordinates"":[[2.33437957656679,48.9260029501012],[2.33434452626603,48.9259535795677],[2.3345487366863,48.925889371469],[2.33452749242815,48.925840081814]],""type"":""LineString""}",43.11086399347697,Olympique Village
OLV,"48.91774994466893, 2.3378654124238962","{""coordinates"":[[2.33800932563846,48.9169678633109],[2.33774202024758,48.917071380474],[2.33808226524628,48.9175085298098],[2.33680055798204,48.9179934526988],[2.336923510395,48.9181656421465],[2.33835416192659,48.9175537119575],[2.33914124601561,48.9182004282508],[2.33911024335852,48.9182837440833],[2.33903509838668,48.9183295400462]],""type"":""LineString""}",670.8163129391996,Olympique Village
OLV,"48.91797590572114, 2.337826166157586","{""coordinates"":[[2.33629426209804,48.9183061571271],[2.33639124691107,48.9183992991314],[2.33835991114442,48.9175504592787],[2.33913629629837,48.9181966496433],[2.33911519307572,48.9182875220939],[2.33903509838668,48.9183295400462]],""type"":""LineString""}",447.68404807244,Olympique Village
OLV,"48.92569480224329, 2.337141680534858","{""coordinates"":[[2.33740911541888,48.9259122099464],[2.33739148682318,48.9259185941885],[2.3373258073179,48.9258589741041],[2.33742893481082,48.9258003789272],[2.33719274436644,48.925625317783],[2.33692198495329,48.9257443470331],[2.33690230106879,48.9257328252299],[2.33710317784104,48.9256389130794],[2.33688462312231,48.9254702293869]],""type"":""LineString""}",173.70078278311894,Olympique Village
OLV,"48.918551395986846, 2.3358343254405805","{""coordinates"":[[2.33706544780316,48.9175690178449],[2.33721767181961,48.9177602495429],[2.33676161511617,48.9179401523029],[2.33691493687391,48.9181700925355],[2.33524183364041,48.9188462099785],[2.33423526866958,48.9192753994921],[2.33445747503998,48.9194323028208]],""type"":""LineString""}",526.8286635303687,Olympique Village
OLV,"48.91774950220579, 2.337760798736993","{""coordinates"":[[2.33730639482697,48.916858119122],[2.33717670235445,48.9169101095487],[2.33772202824095,48.917573815987],[2.33676374951327,48.9179422131038],[2.33694173811041,48.9181859962235],[2.33835312527074,48.9175628749473],[2.33914735635617,48.918196637837],[2.33913387444036,48.9182810711406],[2.33900671611529,48.9183620816654]],""type"":""LineString""}",676.5335071217,Olympique Village
OVL,"50.63059596359424, 3.1347272989071366","{""coordinates"":[[3.134362762247,50.6298950524115],[3.13493970761267,50.6305720275004],[3.13452467278451,50.6307319831668],[3.13479934937267,50.6310606938997],[3.13516552777026,50.6310528012672]],""type"":""LineString""}",295.19067407167734,Olympique Village
OVL,"50.63089922564796, 3.1349062869591484","{""coordinates"":[[3.13439559016299,50.6299262548033],[3.13496935633744,50.630591968418],[3.13454756856545,50.6307534948509],[3.13519810873129,50.6315314762512],[3.13569107631143,50.6317808415078]],""type"":""LineString""}",412.7352770253137,Olympique Village
OVL,"50.63094318848818, 3.1349478280927507","{""coordinates"":[[3.13449277133311,50.6300008344134],[3.13495522404137,50.6305800233342],[3.13454173939758,50.630727184185],[3.13518575330284,50.6314825258999],[3.1357513541653,50.6317964535375]],""type"":""LineString""}",401.0843692553003,Olympique Village
OVL,"50.63058548080643, 3.1347271024030956","{""coordinates"":[[3.1343436051341,50.629860836001],[3.13495386690004,50.6305807616637],[3.13452331654738,50.6307431785831],[3.13479217272188,50.6310571265002],[3.13517309163357,50.6310531701533]],""type"":""LineString""}",304.322039649684,Olympique Village
PDP,"48.84317548964959, 2.2515754291903405","{""coordinates"":[[2.25212891213789,48.8445331647676],[2.25149233538487,48.8433563682593],[2.2512706060199,48.8428762276865],[2.25134213167946,48.8426173260015],[2.25144226688418,48.8423725452323],[2.2514279621116,48.8423443013114],[2.25145657255509,48.8422736911437],[2.25143511449789,48.8421889591659],[2.25142080972531,48.8419771277073],[2.2514279621116,48.8417511735186]],""type"":""LineString""}",489.5803673141744,Programme de Paris
PDP,"48.84314644165763, 2.2515795385093673","{""coordinates"":[[2.25207795071182,48.8445209556077],[2.25145567873138,48.8432170632128],[2.25129117025339,48.8428828474067],[2.25144852544676,48.8424309455911],[2.2514199159016,48.8423462138793],[2.25150574633374,48.8422756037143],[2.25144852544676,48.8420826022072],[2.25143422067418,48.8417436715513]],""type"":""LineString""}",489.6042221664828,Programme de Paris
PDP,"48.84009835720795, 2.251541582529509","{""coordinates"":[[2.25372304986467,48.8387793854023],[2.25382318506939,48.8386616933579],[2.2533868796241,48.8386146164627],[2.25273599720017,48.8386146164627],[2.25189914734272,48.8386616933579],[2.25118389164551,48.8387087702088],[2.25091924706451,48.8404270432147],[2.25071897575674,48.8417074712471],[2.25068321292699,48.8421028909011],[2.25055446727878,48.8422017453268],[2.25054731399416,48.8422817700544],[2.250947857508,48.8421687934791],[2.25144138384026,48.8420793540762],[2.25143423145397,48.8417498373657]],""type"":""LineString""}",1091.6472441182564,Programme de Paris
PDP,"48.840241111114395, 2.251556630632304","{""coordinates"":[[2.25374450702357,48.8387840935513],[2.2538374907403,48.8386569863799],[2.25315084548659,48.8386052013148],[2.25247850500545,48.8386381555071],[2.251641655148,48.8386946475129],[2.25115528210035,48.838704062644],[2.25095500989429,48.840041025801],[2.25082626424608,48.8408648404359],[2.25069036531328,48.8420793540762],[2.25052585683529,48.842206452563],[2.25056161876674,48.8422723555959],[2.25100507839498,48.8421452572764],[2.25144138384026,48.8420558172402],[2.25149860472721,48.8423005995574],[2.25159158754564,48.8423429657654],[2.25192060539992,48.8423759169073],[2.25207080910533,48.8423806241271]],""type"":""LineString""}",1149.9971696927585,Programme de Paris
PDP,"48.843232613412624, 2.251629412147525","{""coordinates"":[[2.25209315020644,48.8445143361041],[2.2514494201688,48.843243394108],[2.25126345363361,48.8428903492034],[2.25133497839484,48.8425702528242],[2.25144226688418,48.8423772524524],[2.25159247058959,48.8423678380118],[2.25173552190867,48.8423537157564],[2.25204308170575,48.8423772524524]],""type"":""LineString""}",446.66415136981016,Programme de Paris
PDP,"48.84049351146904, 2.25116132825308","{""coordinates"":[[2.25168235886473,48.8420497675675],[2.25149506301126,48.8422035549359],[2.25147793363066,48.8423168508884],[2.25137037112751,48.8424975688736],[2.25074433447957,48.8424043502912],[2.25056534496537,48.8422142548288],[2.25072367931153,48.8420515297058],[2.25077599157007,48.8411748079239],[2.25118143932355,48.8386817068714],[2.25210310654733,48.8386475937197],[2.25235272170955,48.8382525934578]],""type"":""LineString""}",974.9893153662421,Programme de Paris
PDP,"48.84313291780738, 2.251555290177405","{""coordinates"":[[2.25206364593924,48.8445209556077],[2.25138415307182,48.8431417471279],[2.25128401696877,48.8428922617505],[2.25131262741226,48.8426992626196],[2.25144852544676,48.8423650433581],[2.25138415307182,48.8423085549006],[2.25149144156116,48.8422708964847],[2.25141276351531,48.8420449436214],[2.25144852544676,48.8417530861092]],""type"":""LineString""}",494.43021702729015,Programme de Paris
PDP,"48.843238869598444, 2.251627765264728","{""coordinates"":[[2.25207884543386,48.8445472858173],[2.25130636884968,48.8429750805859],[2.25128491079248,48.8427161794119],[2.25137074212295,48.8424902285575],[2.25143511449789,48.8423819602632],[2.25158531820326,48.8423960819195],[2.25164253909024,48.8423490085341],[2.25205738737666,48.8423678380118]],""type"":""LineString""}",455.7887923147263,Programme de Paris
PDP,"48.839084831271606, 2.252382090833149","{""coordinates"":[[2.25375661811021,48.8387538580388],[2.25384244854235,48.838650289238],[2.25294122630999,48.8386032123321],[2.25171098712165,48.8386738276744],[2.25163946146209,48.8397047992705],[2.25188264798589,48.839864856577],[2.25235471715929,48.8400908192754],[2.25255498846706,48.8401896776724]],""type"":""LineString""}",563.7462219124982,Programme de Paris
PDP,"48.8393773173685, 2.2517700946412464","{""coordinates"":[[2.25154132860987,48.8407948247711],[2.25171753104533,48.8386681120235],[2.25212473748653,48.8386519445133],[2.25238042276825,48.8382285879625]],""type"":""LineString""}",482.7019086680997,Programme de Paris
PDP,"48.84239537484634, 2.2512915407040954","{""coordinates"":[[2.25055942508083,48.8422750739885],[2.25072393445712,48.8423927575426],[2.25128898644894,48.842472781965],[2.25138912165366,48.842472781965],[2.25143203686973,48.8423739280743],[2.25169668145074,48.8423503913768],[2.25204715736222,48.8423786352943]],""type"":""LineString""}",188.9600259535751,Programme de Paris
PDP,"48.84055337588472, 2.251151848036368","{""coordinates"":[[2.25233063670503,48.8383023192699],[2.2521540919509,48.838550123801],[2.25206473985572,48.838645788457],[2.25166540352262,48.8386806623615],[2.25118777499358,48.838726252315],[2.25099268884828,48.8397984553256],[2.25085457343075,48.8406766232999],[2.25075208181637,48.8417378323082],[2.2507015939797,48.842101251752],[2.25054968923777,48.8422450347713],[2.25069112690319,48.8423886644432],[2.25107261295119,48.8424482653761],[2.25138061584836,48.8424572871748],[2.25147621814303,48.84233798211],[2.25146078543396,48.8421216313767],[2.2516845527676,48.8419860746726]],""type"":""LineString""}",967.2435685625292,Programme de Paris
PDP,"48.83946140288114, 2.2517371338221888","{""coordinates"":[[2.25230257551109,48.8383169119994],[2.2521887634672,48.8385212940154],[2.25205812953335,48.8386600255457],[2.25171599596088,48.838693951325],[2.25164758304832,48.8395238925533],[2.25157898941351,48.8403491138667],[2.25151960308596,48.8408539603257]],""type"":""LineString""}",468.9419430935278,Programme de Paris
RGA,"48.84807431983193, 2.2547030396808942","{""coordinates"":[[2.25782145434668,48.8492561051262],[2.25773689323404,48.848606578429],[2.25745719019392,48.8483994813603],[2.25739214318419,48.8481594355288],[2.25732709527614,48.8479664566963],[2.25479675581812,48.8479570433064],[2.25445200576827,48.8479335092327],[2.25324212599755,48.8479523366107],[2.25120614561008,48.8479711639817],[2.25078333825024,48.847980577369]],""type"":""LineString""}",960.5823114127094,Responsabilité et Gestion des Athlètes
RGA,"48.84568307348885, 2.250720357814825","{""coordinates"":[[2.2506023402969,48.8455230344399],[2.25083837533275,48.8458431125378]],""type"":""LineString""}",60.181856393757826,Responsabilité et Gestion des Athlètes
RGA,"48.8480349491762, 2.254572158353521","{""coordinates"":[[2.25785006389184,48.8493031720193],[2.25774992778879,48.8485783380238],[2.25740660516193,48.848418307972],[2.25729931667263,48.8480888335599],[2.25727785951372,48.8479617500016],[2.25409497125692,48.8479288025348],[2.25327242707038,48.847942922627],[2.25202788131283,48.8479523366107],[2.25123394756978,48.8479758700844],[2.25106943909182,48.8475946175815],[2.25110520192157,48.8471710000879]],""type"":""LineString""}",1060.3815884926541,Responsabilité et Gestion des Athlètes
RGA,"48.84556522084101, 2.2506840541792372","{""coordinates"":[[2.25209584335567,48.8445182958644],[2.25250353835747,48.8454997232771],[2.25083341663237,48.8455114905917],[2.25060811107429,48.8455232584947],[2.25028266941315,48.8456079848314],[2.24926700630516,48.8458551032339],[2.24880924280268,48.8459868990195],[2.24812974993525,48.8461634114597]],""type"":""LineString""}",679.6360902040065,Responsabilité et Gestion des Athlètes
SPA,"48.83327351827876, 2.2863018243139344","{""coordinates"":[[2.28363472729216,48.8340360992723],[2.2840138127488,48.8343091692506],[2.28675324227573,48.8332404213964],[2.28727537905145,48.8328873059835],[2.28754717601878,48.8324635640845],[2.2877832101563,48.8322893574442],[2.28877026282083,48.8322752329384],[2.28874165327564,48.8321810670999],[2.28883463609407,48.8321339841143]],""type"":""LineString""}",756.844460733253,Stade Paris Athlétisme
SPA,"48.8305077044022, 2.2917452012666675","{""coordinates"":[[2.29352266045795,48.8284574633375],[2.29414844092585,48.8289181002809],[2.2929488653048,48.829168780412],[2.29252458146473,48.8294866774838],[2.29233656536552,48.8296216753439],[2.29230418835658,48.8308326736717],[2.28918450607248,48.832137208581],[2.28878180118988,48.8322710482271],[2.28873511814212,48.8321729167119],[2.28882555093737,48.8321054805306]],""type"":""LineString""}",1046.1927492898576,Stade Paris Athlétisme
SPA,"48.83361433313052, 2.2856252223958227","{""coordinates"":[[2.28698498246618,48.8324892330242],[2.28702432148911,48.832689333693],[2.28716379571675,48.8329482861047],[2.28712445759216,48.8330330343061],[2.28665238841876,48.8332707980139],[2.28575831857269,48.833645097502],[2.28487497730602,48.8339699589306],[2.28400951880174,48.8343089427804],[2.2836912295269,48.8340805999994]],""type"":""LineString""}",556.8475019139258,Stade Paris Athlétisme
SPA,"48.829583155087754, 2.2928037747693213","{""coordinates"":[[2.29177341619977,48.8303693237559],[2.29229201093629,48.8303693237559],[2.29248648421691,48.8293664203008],[2.29410710167335,48.8289632872029]],""type"":""LineString""}",421.55531746445627,Stade Paris Athlétisme
SPA,"48.833906293560936, 2.2849158995121286","{""coordinates"":[[2.28361326923496,48.8340031426438],[2.28398520230531,48.8343091692506],[2.28598076569154,48.8335841182289],[2.28566605350818,48.8332827952679]],""type"":""LineString""}",381.85594145173263,Stade Paris Athlétisme
SPA,"48.83068722935845, 2.29154296587714","{""coordinates"":[[2.29414862099346,48.8289228075293],[2.29293474435495,48.8291737247162],[2.29264986552482,48.8293951100714],[2.29233692549251,48.8296310894927],[2.29231025783382,48.83080431348],[2.28961401105814,48.8319558262569],[2.28900862957825,48.8322154804114],[2.2887961015486,48.8322708110655],[2.28877194974516,48.8322005647512],[2.28883360142803,48.83212889599]],""type"":""LineString""}",931.8484909983009,Stade Paris Athlétisme
Stade de France,"48.92007209841079, 2.3569333818364333","{""coordinates"":[[2.35447544389807,48.9191839786757],[2.35458273238573,48.9181139095713],[2.35783714604632,48.9180998088561],[2.3575272014796,48.9239214641089],[2.358156627643,48.9239841265204]],""type"":""LineString""}",1601.6733628632296,Stade de France
TRO,"48.86408406063099, 2.291145465066408","{""coordinates"":[[2.28832964186889,48.8632500468865],[2.28826258622622,48.8633594466695],[2.29330782220419,48.8647181012375],[2.29363237004161,48.8644834267825],[2.29316834707821,48.8641287670405]],""type"":""LineString""}",759.6993111086998,Transport Olympique
TRO,"48.85540908557174, 2.291212652965955","{""coordinates"":[[2.29188893321293,48.8554326399139],[2.29083214343459,48.8553532243032],[2.29073558352468,48.8553744018905],[2.2910011219294,48.8555738230421]],""type"":""LineString""}",174.59347981837328,Transport Olympique
TRO,"48.85560950534615, 2.2904390635588925","{""coordinates"":[[2.29188356937236,48.8554291101237],[2.29071412546748,48.855340870608],[2.28993896741219,48.8553214579055],[2.28963856000141,48.8553426355062],[2.28983167892285,48.8557220647208],[2.29010526443591,48.8564403245435],[2.29036543900006,48.856265613787]],""type"":""LineString""}",485.38422282630887,Transport Olympique
TRO,"48.85946855044385, 2.287669818962075","{""coordinates"":[[2.28743646674483,48.8593114966111],[2.28790317117932,48.8596256042766]],""type"":""LineString""}",74.3224286185783,Transport Olympique
VEL,"48.789290562260376, 2.0322728379370667","{""coordinates"":[[2.03106393578349,48.7893886132611],[2.03174298128989,48.7894012779576],[2.0321649819626,48.7894696059495],[2.03273718723901,48.7890784837392],[2.03326290020792,48.7891868672149],[2.03339164585613,48.7890313602614]],""type"":""LineString""}",307.0327581866131,Vélodrome
VEL,"48.78844576029322, 2.0370925260371924","{""coordinates"":[[2.03675468854823,48.7873107175634],[2.0374162995516,48.7882473203503],[2.03762193649656,48.788477049736],[2.03797062296399,48.788506502388],[2.03799744576006,48.7883828016066],[2.03839977692128,48.7876936078161],[2.03825672470387,48.7875993582152],[2.03648646777404,48.7892251372441],[2.03580697400832,48.7892369183682],[2.03516324397065,48.7893076026868],[2.03490396412851,48.7893959585369]],""type"":""LineString""}",946.0222372013438,Vélodrome
VEL,"48.78934940029546, 2.0342770584871475","{""coordinates"":[[2.03528414103822,48.7891621194878],[2.03530559909542,48.7892940644151],[2.03511605636708,48.7893176260361],[2.034890750809,48.789418940703],[2.03480849657,48.7895579538204],[2.03325639101538,48.7891974617123],[2.03338513756189,48.7890372425608]],""type"":""LineString""}",313.3030446742779,Vélodrome
VEL,"48.789343839526424, 2.034279612480049","{""coordinates"":[[2.03528349694616,48.7891562372031],[2.03530853119651,48.7892952504566],[2.03512971704761,48.7893117437696],[2.0348865305238,48.7894154145462],[2.0348114286711,48.7895544276735],[2.03325217073015,48.7891892233234],[2.03337734108355,48.7890266474377]],""type"":""LineString""}",315.9487426512249,Vélodrome
VEL,"48.789344759988644, 2.034276580450455","{""coordinates"":[[2.03528349694616,48.7891562372031],[2.03530495500336,48.7892905382495],[2.03511898846817,48.7893117437696],[2.03489368291009,48.7894201267416],[2.03481500486424,48.7895544276735],[2.0332557469233,48.7891915794317],[2.03340595062871,48.7890431408391]],""type"":""LineString""}",313.4346201029345,Vélodrome
VEL,"48.78934514161648, 2.0342703602202143","{""coordinates"":[[2.03529064933245,48.789158593313],[2.03529780261707,48.7892881821458],[2.03514402271852,48.7893140998722],[2.0348865305238,48.7894154145462],[2.03480785247795,48.7895520715822],[2.03325217073015,48.7891915794317],[2.03338449346984,48.7890360724928]],""type"":""LineString""}",311.36255350563715,Vélodrome
VEL,"48.78932677121189, 2.031978838800663","{""coordinates"":[[2.03053126715936,48.7895897619277],[2.03054557193194,48.7894813787304],[2.03131804851613,48.7893871330793],[2.03171859113163,48.7894059818685],[2.03216920224783,48.7894719543508],[2.03273425513795,48.7890761193398],[2.03327784907255,48.789193927846],[2.03340659561909,48.7890384203226]],""type"":""LineString""}",387.36968793794483,Vélodrome
VEL,"48.788754426623655, 2.0373736764418218","{""coordinates"":[[2.03890939567355,48.7899926149367],[2.03798850392971,48.7884787802958],[2.03799744486173,48.7883668613661],[2.03839083509094,48.7876776667648],[2.03821202184037,48.7875893078891],[2.03650434784147,48.7892033061145],[2.03582485497405,48.7892327583403],[2.03528841252738,48.789268100515],[2.03512748114087,48.7893211143222],[2.03488608226448,48.7894094701485]],""type"":""LineString""}",962.8025684886966,Vélodrome
VER,"48.81712471159528, 2.082646254513242","{""coordinates"":[[2.0833765205654,48.8176002197832],[2.08340761844388,48.8175787056257],[2.08185372075025,48.8166512942302]],""type"":""LineString""}",238.48232437940374,Vérification
VER,"48.81851877621307, 2.0807639573843795","{""coordinates"":[[2.07649763004266,48.8185623858984],[2.07670147792782,48.818491742293],[2.07677121536222,48.8186259650581],[2.07754369155861,48.8184422917099],[2.07780654804211,48.8186542224366],[2.07911546604155,48.8183221972337],[2.07962508575445,48.8185588537205],[2.07986648456583,48.818414034212],[2.07984502689371,48.8183292616227],[2.0800381459428,48.8181809092463],[2.08028490917221,48.8182162312805],[2.0804941214754,48.8180360886459],[2.0806872405245,48.8180360886459],[2.08113785163906,48.8179265898654],[2.08119283692386,48.8181296922526],[2.08154688851372,48.8181137973128],[2.08181510941512,48.8188087546929],[2.0825151659678,48.8187919769281],[2.08310122863737,48.8188970586256],[2.08331446425399,48.8191434257754],[2.0841928877061,48.8189456257223],[2.08407352940497,48.8181323414087],[2.08418618218356,48.8180511005569],[2.08414058463032,48.8180210767306]],""type"":""LineString""}",1294.622552126791,Vérification
VER,"48.817592284327446, 2.0832929890563405","{""coordinates"":[[2.08466467234345,48.8185571456374],[2.08471831613895,48.8185253564886],[2.08409604415851,48.8181650725391],[2.08407726847074,48.8180467429351],[2.08189903536643,48.8167245621019],[2.08194195148083,48.8166936537381],[2.08185880251983,48.8166450845121]],""type"":""LineString""}",469.63290267714467,Vérification
VER,"48.81698663583654, 2.0822412546750146","{""coordinates"":[[2.08261317690381,48.8173300124656],[2.08270265172189,48.8172764425752],[2.081849046885,48.8167616362258],[2.08194904345924,48.8166972162084],[2.08185409461461,48.8166424671447]],""type"":""LineString""}",171.94110732601237,Vérification
VER,"48.81697041535493, 2.081740759480272","{""coordinates"":[[2.08178532122789,48.8172749487765],[2.08182890658716,48.8172427163671],[2.08174106482712,48.8171937064081],[2.08177325146372,48.817163682047],[2.08154123998204,48.8170347537731],[2.0819355249333,48.8166938873861],[2.08185371715699,48.8166453181603]],""type"":""LineString""}",144.82160141293244,Vérification
VER,"48.81752785577132, 2.0832163778112776","{""coordinates"":[[2.08448399752433,48.8184365542168],[2.08405338311315,48.8181503773198],[2.08415775938655,48.818061746118],[2.0819036625152,48.8167195298792],[2.08193476040133,48.8166980154969],[2.08185321738843,48.8166435126403]],""type"":""LineString""}",443.33483604824715,Vérification
VER,"48.81714895491568, 2.081787584404777","{""coordinates"":[[2.08162438804474,48.8175451667797],[2.08160293088588,48.8175071951785],[2.08202135536544,48.8174056426679],[2.08204549489374,48.8173588403687],[2.08173838245765,48.8171919401653],[2.08177191027902,48.8171601501507],[2.08154123998204,48.8170365200214],[2.08193284256383,48.8166912379955],[2.08185505834173,48.8166444350293],[2.08185371715699,48.8166435518982]],""type"":""LineString""}",233.62272152833097,Vérification
VER,"48.817026961030116, 2.0823099354384635","{""coordinates"":[[2.08277505626185,48.817395928373],[2.08284115952406,48.8173566371393],[2.08185578238886,48.816763560622],[2.08193708680684,48.8166940000508],[2.08185639952643,48.8166479669619]],""type"":""LineString""}",185.24844998443646,Vérification
VER,"48.81681281775941, 2.081987527644895","{""coordinates"":[[2.08207728775416,48.8169788659384],[2.08214636315124,48.8169289289908],[2.08186672227206,48.8167583692518],[2.08193729587036,48.8166946215933],[2.08185975098436,48.8166436134498],[2.08186136959078,48.8166406485648]],""type"":""LineString""}",79.92202762364053,Vérification
VER,"48.816887672560505, 2.0817291991881177","{""coordinates"":[[2.08167333904121,48.8171239439116],[2.08168742013328,48.8171126851324],[2.08153721642787,48.8170347537731],[2.081936866118,48.8166903548653],[2.08185237597226,48.8166417856361],[2.08185505834173,48.8166400193738]],""type"":""LineString""}",109.93588001945254,Vérification
VER,"48.81724282105314, 2.0826763517444906","{""coordinates"":[[2.08354414570255,48.8178396082754],[2.08360596756891,48.8178054076088],[2.08185584327733,48.8167595524964],[2.08194885650629,48.8167016298783],[2.0818472047458,48.8166467577164]],""type"":""LineString""}",300.9660008243783,Vérification
VNS,"48.86453548086713, 2.64195853189351","{""coordinates"":[[2.643860173117,48.8648442877571],[2.64333949879852,48.8646635668488],[2.6433795753383,48.8645393512797],[2.64329660873531,48.8645261701588],[2.64349980675425,48.8641610573436],[2.64311348357137,48.864633435603],[2.64292744067939,48.8650606554753],[2.64254692600314,48.8650530973147],[2.64258696840692,48.8651189732345],[2.64239813265274,48.865164128292],[2.64233235441437,48.8650248496399],[2.64224652847382,48.8649947298395],[2.64218957797973,48.8649851973257],[2.64208515062461,48.8649861298351],[2.64206513705838,48.8649117860949],[2.64200362671593,48.8649033119474],[2.64191209288005,48.8647997901338],[2.6420465706781,48.8647433376213],[2.64212097004825,48.8646699419912],[2.64214230323962,48.8646203916068],[2.64215376304769,48.8645338158594],[2.64098652540515,48.8641949461541],[2.64090067790503,48.8642890453077],[2.63949880120864,48.864153424587],[2.63960184515822,48.8638936997906],[2.63960184515822,48.8638936997906]],""type"":""LineString""}",918.6164050365306,Ville Nouvelle Stade
VNS,"48.86452326000338, 2.642047930678347","{""coordinates"":[[2.64419183111988,48.8647798202916],[2.64340796210128,48.8644955631158],[2.64337934177632,48.8645501414178],[2.6433020992383,48.8645237862695],[2.64351102132225,48.8641492630913],[2.64321627150112,48.8645087229706],[2.64313041950941,48.8646272885618],[2.64293293118242,48.8650601531738],[2.64258102694966,48.8650488336607],[2.64260390434497,48.8651109441017],[2.64240451787777,48.8651606269623],[2.6423473140588,48.8650665188106],[2.64230440962253,48.8650062886969],[2.6422243041537,48.8649893439783],[2.64215850255914,48.8649780463142],[2.64208983623711,48.8649893333413],[2.64205837993081,48.8649065190047],[2.64200402107635,48.8649027511408],[2.64191248724047,48.864797347163],[2.64208988384782,48.8647201949626],[2.64216716052183,48.8645621045869],[2.64209564564207,48.8645018720933],[2.64099367240156,48.8641822991642],[2.64093644612469,48.8642133496135],[2.64091211345862,48.8642895730278],[2.64063460051116,48.8642575558277],[2.63949593558286,48.8641343651468],[2.63958466577673,48.8639198106147],[2.63958466577673,48.8639198106147]],""type"":""LineString""}",940.1376209604249,Ville Nouvelle Stade
VNS,"48.86456748224595, 2.641988616932978","{""coordinates"":[[2.6435969927899,48.8651616918394],[2.64319075036391,48.865029915206],[2.64336964805611,48.8645594069055],[2.64329669677019,48.8645330517622],[2.64349703545161,48.8641604102494],[2.6431307420046,48.8646158507612],[2.64292466847841,48.8650675364142],[2.64257562627814,48.8650486882887],[2.64260994551528,48.8651239743784],[2.64240394385433,48.8651653639511],[2.64236390324717,48.8650900779238],[2.64230669942817,48.8649959690484],[2.64217509534073,48.8649809023459],[2.64209498627863,48.8649846601578],[2.64206692650243,48.8649048460401],[2.64200112221292,48.8649086050396],[2.64192103291376,48.864801320093],[2.64201116358117,48.8647570978126],[2.64210272706146,48.8646940550087],[2.64215138251218,48.8645952485308],[2.64208461253375,48.8644991974557],[2.64148955142156,48.8643241153438],[2.64097468291478,48.864178035436],[2.64093462074806,48.8642194387921],[2.64091457933405,48.8643003679474],[2.63949840056,48.8641442778058],[2.63958427321297,48.8639109025372]],""type"":""LineString""}",968.1637857233436,Ville Nouvelle Stade
VNS,"48.86456753284821, 2.6420840696307195","{""coordinates"":[[2.64407371523643,48.8651304989705],[2.64325551440432,48.8648443586705],[2.64338431484975,48.8645413516423],[2.64331851415349,48.8645244073572],[2.64350740919649,48.8641442364391],[2.64311822487945,48.8646241429453],[2.64294648586172,48.8650551283858],[2.6425917213931,48.8650419261268],[2.64260887562177,48.8651096824398],[2.64241431849754,48.8651548369148],[2.64231993340894,48.8649892068794],[2.64211108229189,48.864972251518],[2.64207676215649,48.8649026116779],[2.64200899145483,48.8649026654538],[2.64193033407021,48.8647897340047],[2.64208627351872,48.8647125806106],[2.64213492178293,48.8646532979511],[2.64215496409521,48.8645686056143],[2.64209060429669,48.8644951984999],[2.64191036991135,48.8644358984454],[2.64099211741782,48.8641775662191],[2.64094061161267,48.8642208511694],[2.64092343312951,48.8642904878216],[2.63950716362562,48.8641383387204],[2.63959446549817,48.8639124910282]],""type"":""LineString""}",983.8305015741385,Ville Nouvelle Stade
VNS,"48.8645771868201, 2.6421421455849754","{""coordinates"":[[2.64433840203827,48.865140841047],[2.64329133113299,48.8647869281925],[2.64337720648089,48.864540380713],[2.64330282328042,48.8645196714896],[2.64350602399433,48.8641395017175],[2.64313114355154,48.8646231737905],[2.64292614441045,48.8650586261772],[2.64257424107598,48.8650484235462],[2.64260426816266,48.8651218268944],[2.64240881721472,48.8651646294106],[2.64234017604557,48.8650347603497],[2.64228868371515,48.8650008791992],[2.64216280279438,48.8649745201518],[2.64208269373229,48.8649801601204],[2.6420512365277,48.8649011100871],[2.64201690291753,48.8649086357687],[2.6418938993006,48.8647957007873],[2.64204268276953,48.8647373678777],[2.64211707854642,48.8646865570694],[2.64215715149294,48.8645811626823],[2.6421228313575,48.8645152866456],[2.6420169846642,48.8644512867888],[2.6409859927042,48.8641758305891],[2.64093734803325,48.864217233356],[2.6409173084159,48.8642849878309],[2.63950112784522,48.8641437193546],[2.63958413846567,48.8639122250978]],""type"":""LineString""}",1012.9629949700394,Ville Nouvelle Stade
YDM,"48.93049238815197, 2.244653234822027","{""coordinates"":[[2.24227468632189,48.9305800997739],[2.24236705828592,48.9305016892888],[2.24275861774859,48.930654820996],[2.24304813039161,48.9307924349923],[2.24325579752912,48.9307661383536],[2.24363440238707,48.9309201958085],[2.24371302743233,48.9309377897993],[2.24388197089286,48.9308423034329],[2.24420779882957,48.9308559763911],[2.24431308407582,48.930775942201],[2.24459922264661,48.9308457110498],[2.24479569947061,48.9309404502613],[2.24494266025783,48.9308840535111],[2.24501125022304,48.9307684895775],[2.24538993503107,48.930432825281],[2.24581149283434,48.9300917285316],[2.24618275216823,48.9297980945475],[2.24642123780816,48.9297819608463],[2.24658214494015,48.9297925197249],[2.24661708401483,48.9298295775879],[2.24649060212114,48.9298321029583],[2.24647533165961,48.929918132496],[2.24651624273429,48.9299854704287],[2.24661633392155,48.9300548845065]],""type"":""LineString""}",689.0662170871528,Yvelines Département de la Montagne
YDM,"48.93044213969607, 2.2446299118788335","{""coordinates"":[[2.24226738481525,48.9305926278766],[2.24235777329916,48.9305113539082],[2.24274318469202,48.9306510923146],[2.24304813128994,48.930791100036],[2.24324758692741,48.9307656886466],[2.24371288280356,48.9309354391735],[2.24387385551258,48.9308420018582],[2.24420515778264,48.9308599133856],[2.24431047806317,48.9307734516982],[2.24459292635479,48.9308446310466],[2.24479376719445,48.9309416347216],[2.24494403557855,48.9308827362622],[2.24501122327359,48.9307657205157],[2.24528745342683,48.9305287290901],[2.24592361605653,48.9299957943742],[2.24617773956893,48.9297905402673],[2.24640263280031,48.929558384287],[2.24652412634922,48.9293456903006],[2.24669145014731,48.9291633244649]],""type"":""LineString""}",702.4804581096845,Yvelines Département de la Montagne
YDM,"48.93044445052876, 2.2446350664290957","{""coordinates"":[[2.24227588287785,48.9305877772798],[2.24236035236232,48.9305149049589],[2.24274927347301,48.9306514712025],[2.24304679998668,48.930794062671],[2.24324404936184,48.9307742023901],[2.24366404948641,48.9309430269198],[2.24378192372305,48.930911385237],[2.24387783684591,48.9308455381313],[2.24421379777902,48.9308583730535],[2.24430895092717,48.9307750964924],[2.24459218434638,48.9308446422597],[2.24479329468061,48.9309417716398],[2.24493689487036,48.9308866679431],[2.2450034312868,48.9307709989659],[2.24571644568738,48.9301690189205],[2.24617509133549,48.929796969668],[2.24638684131593,48.929569475556],[2.24652608916811,48.9293463064521],[2.24669212029051,48.929162443908]],""type"":""LineString""}",700.9081475852877,Yvelines Département de la Montagne
YDM,"48.929533651573095, 2.245661636517569","{""coordinates"":[[2.24139869237594,48.9300383442576],[2.24235892314271,48.9305000273707],[2.24276125430397,48.930658619907],[2.24304020365756,48.9307925424026],[2.2432601453751,48.9307678722632],[2.2436892984341,48.9309370367492],[2.24376976502567,48.9309017944657],[2.24388241735555,48.9308383575845],[2.24420428282353,48.9308630276891],[2.24431157131287,48.9307749212129],[2.24457979208702,48.9308242608823],[2.24496066608938,48.9306374747761],[2.24601209202719,48.9297634469501],[2.24617838815257,48.9295519867254],[2.24630713469907,48.9293229033128],[2.24643588034728,48.9289528431814],[2.24654853357549,48.9284981944428],[2.24666655064426,48.9281175553941],[2.24732100926134,48.9281563243024],[2.24935412402308,48.9283677910281],[2.24978327708207,48.9284277058178],[2.2497618199232,48.9285510609937]],""type"":""LineString""}",1320.91782361582,Yvelines Département de la Montagne
YDM,"48.93049270694035, 2.2446428397558753","{""coordinates"":[[2.24226015337721,48.9305901651026],[2.2423422549026,48.9305021307358],[2.24276135042369,48.9306563182521],[2.24304870800834,48.9307954660865],[2.24324088908866,48.9307675287862],[2.24370960664771,48.9309372344544],[2.24387528024061,48.9308437121585],[2.24420205949322,48.9308624764745],[2.24431123624126,48.9307739456676],[2.24459195617429,48.9308425524828],[2.24479347793692,48.9309411679014],[2.24494149244797,48.9308848933162],[2.24501215123326,48.9307642893615],[2.24518629683761,48.930605792178],[2.24600527111923,48.9299280262167],[2.24617349053762,48.9297990701118],[2.24642432980937,48.9297862661967],[2.24658325435954,48.9297913134007],[2.24661771822541,48.9298302598333],[2.24648758917167,48.9298348071524],[2.24647740317469,48.9299241251495],[2.2465178183793,48.9299862518215],[2.24661430283072,48.9300540629828]],""type"":""LineString""}",693.3179834551777,Yvelines Département de la Montagne
YDM,"48.92953346906307, 2.2456568126356085","{""coordinates"":[[2.24976001161455,48.9285423308606],[2.24977610493285,48.9284295495847],[2.24939523093049,48.928369634207],[2.24731383711212,48.9281511187602],[2.24667547091504,48.9281123498478],[2.24652526720963,48.9285423308606],[2.24641261487976,48.9290286988178],[2.24630532639042,48.9293282710333],[2.24616585126447,48.9295679269215],[2.2460102837185,48.9297652900775],[2.24494276446242,48.9306428423553],[2.24456310947389,48.9308273533519],[2.24430025254028,48.9307744898012],[2.2442036935287,48.9308520234619],[2.24386573474242,48.9308414506434],[2.24367798055984,48.9309401298019],[2.24324346276194,48.9307603924908],[2.2430664362605,48.9307885865175],[2.24236369768845,48.9305101688475],[2.24140346692168,48.9300449613021]],""type"":""LineString""}",1316.7045950435618,Yvelines Département de la Montagne
YDM,"48.930492720546226, 2.24464185132906","{""coordinates"":[[2.24225861096989,48.930591047995],[2.24233487164929,48.9304990459184],[2.24275456993993,48.9306528586875],[2.24304273241509,48.9307930151258],[2.24324839361454,48.9307699549612],[2.24365686565906,48.9309410115078],[2.24377504981449,48.9309081369691],[2.2438724568357,48.9308452607534],[2.24420381480128,48.9308591343671],[2.2443159577864,48.9307734021242],[2.2445874241737,48.9308447555715],[2.24479076861804,48.9309411218686],[2.2449372847392,48.9308853943665],[2.24500769289453,48.9307668908161],[2.24539393073746,48.9304241550842],[2.24617534016881,48.9297991739832],[2.24642459481238,48.929785287091],[2.24658279621875,48.929789767724],[2.24661924446308,48.929830162454],[2.24648905522224,48.9298367388038],[2.24647602426071,48.9299248369025],[2.24651878227162,48.9299827361437],[2.24662104199197,48.9300567465088]],""type"":""LineString""}",694.880204660994,Yvelines Département de la Montagne
YDM,"48.93049200764727, 2.2446485406151058","{""coordinates"":[[2.24226815017987,48.9305930232897],[2.24235773197666,48.9305007048857],[2.24275796377507,48.9306569361579],[2.24305075796382,48.9307941435238],[2.24324397569998,48.9307667716024],[2.24364781333594,48.9309201958085],[2.24376851277415,48.9309025746639],[2.24386980411063,48.9308429897957],[2.24420925949022,48.9308591562032],[2.24431090476293,48.9307756187898],[2.2445892405672,48.9308449839657],[2.24479324617157,48.9309393619978],[2.24494003807553,48.9308824346877],[2.24500728865264,48.9307720276262],[2.24566867956879,48.9302069198617],[2.24617704247628,48.9297965110996],[2.24642185944235,48.9297818593357],[2.24657979854064,48.9297931606583],[2.24661989933493,48.929827765152],[2.24649042605134,48.929837762762],[2.24647872010486,48.9299186064078],[2.24651896732455,48.9299884460954],[2.24662037184877,48.9300575680324]],""type"":""LineString""}",689.3492383062326,Yvelines Département de la Montagne