Site,geo_point,Geo Shape,Shape__Length
Arena Paris Sud,"48.83236574900095, 2.288246250019819","{""coordinates"": [[2.28858263350405, 48.8326525940608], [2.28840753029562, 48.8324567845114], [2.28804594941059, 48.8323352528946], [2.28805087577161, 48.8322160407733], [2.28810426983549, 48.8320197251107]], ""type"": ""LineString""}",137.513492845666
CPL,"48.89698945259692, 2.3595827174084816","{""coordinates"": [[2.3594873820234, 48.8965389534854], [2.3596388559466, 48.8965469019815], [2.3595323903141, 48.8975644094808]], ""type"": ""LineString""}",189.61667309013657
GRPouLCO,"48.86938679310403, 2.3081849182852223","{""coordinates"": [[2.30924655034025, 48.8687398762214], [2.30918691118855, 48.8690875023565], [2.30689032324892, 48.869821395523], [2.30689759870442, 48.8698166784743]], ""type"": ""LineString""}",344.5685318184175
Stade Roland-Garros,"48.848743651873534, 2.2423115053941833","{""coordinates"": [[2.24273943692066, 48.848493844301], [2.24224299555528, 48.8485154492272], [2.24214822419113, 48.8492801233042]], ""type"": ""LineString""}",185.1710139485828
Stade de France,"48.920564636037184, 2.361980947064503","{""coordinates"": [[2.36227390123751, 48.918220726824], [2.3622335345419, 48.9187711422839], [2.36200782025037, 48.9198559243528], [2.36183715022786, 48.9215267711974], [2.36182771522241, 48.9229217217205]], ""type"": ""LineString""}",798.8484463038844
Parc des Princes,"48.83933838971299, 2.2625521139352127","{""coordinates"": [[2.25557052687462, 48.8385788053081], [2.25562312682776, 48.8386006746644], [2.2558659423474, 48.8384094374989], [2.25623407644239, 48.8383788889847], [2.25664663312651, 48.8385699181449], [2.2567363496706, 48.8386490026677], [2.25670703225296, 48.8387330583275], [2.25700896140986, 48.8387948998839], [2.25714008400029, 48.8385487121644], [2.25727849911422, 48.8385495712592], [2.25745936950678, 48.8384550340793], [2.25772855776651, 48.8382339738216], [2.25785395539367, 48.8382376082945], [2.26132982828207, 48.8393013877181], [2.26148722569627, 48.8393366260293], [2.2626691355223, 48.8397294120892], [2.26295385744994, 48.8397854210027], [2.26424396126711, 48.8404829703492], [2.26475271943333, 48.8407321490551], [2.26504339988621, 48.8405449948009], [2.26516142953141, 48.8406113966546], [2.26553825482679, 48.8404252476378], [2.26631312182795, 48.8400816296667], [2.2668784235514, 48.8398737878535], [2.26705047608112, 48.8398439308015], [2.2692962382403, 48.8388249248857], [2.26946178157748, 48.8387441738967], [2.26962600439119, 48.8389054416088]], ""type"": ""LineString""}",1912.619996620339
CPL,"48.898171039571174, 2.3687805970425915","{""coordinates"": [[2.37421200830691, 48.8969965997166], [2.37385931894659, 48.8976400807018], [2.37136275344831, 48.8976322646646], [2.37132433250358, 48.8985269523374], [2.37025262979323, 48.898512993561], [2.36997899038129, 48.8984598011208], [2.36412302396107, 48.8983431924733], [2.36262393068629, 48.8983072657725]], ""type"": ""LineString""}",1515.5596524825937
Trocadero,"48.86087472107609, 2.286792596444566","{""coordinates"": [[2.28792459060898, 48.859552413904], [2.28776717792343, 48.8596269115843], [2.28749500635865, 48.8594872771009], [2.28725889676264, 48.8593478567648], [2.2855208947414, 48.8598562348095], [2.28660369164554, 48.8613713272441], [2.28665917339411, 48.8615334670788], [2.28666273790916, 48.861799997456], [2.28678995462474, 48.8619911187108], [2.28839766589546, 48.8631047965147]], ""type"": ""LineString""}",958.7622781583145
Arena Champ-de-Mars,"48.84876208695251, 2.2991381394863475","{""coordinates"": [[2.29819483341959, 48.8492909315101], [2.29829567200517, 48.8491658141473], [2.29833269247636, 48.8489870872668], [2.30023850158926, 48.8484043091975]], ""type"": ""LineString""}",288.41357557219345
EIF,"48.85374149177653, 2.2896519772996378","{""coordinates"": [[2.2890307086762, 48.8543264197424], [2.28962592070535, 48.8537777911913], [2.2902619737406, 48.8531447948808]], ""type"": ""LineString""}",242.42415344175217
EIFouCDM,"48.85523089175295, 2.289511155088765","{""coordinates"": [[2.28981330029047, 48.8552932981251], [2.28920900988706, 48.8551684853808]], ""type"": ""LineString""}",70.50587184327895
GRP,"48.866453009946554, 2.310419644998415","{""coordinates"": [[2.31037334582866, 48.8684352010249], [2.31046594416817, 48.8644708188682]], ""type"": ""LineString""}",670.9548865016444
,"-17.786130465857667, -149.29858501770758","{""coordinates"": [[-149.307848320937, -17.7232418476444], [-149.306732521987, -17.7237937065355], [-149.30538873527, -17.7250328279487], [-149.305372642016, -17.7251120292324], [-149.305375324225, -17.7251886756026], [-149.305359230971, -17.72526532194], [-149.305297540164, -17.7253317487393], [-149.305187569594, -17.7253572975017], [-149.305099056697, -17.7253598523777], [-149.30503468368, -17.7253138646035], [-149.305002497172, -17.7252576573078], [-149.304991768336, -17.7251835658456], [-149.304970310664, -17.725086480435], [-149.304938124156, -17.725030273068], [-149.304602848029, -17.7246751442965], [-149.304420457816, -17.7244656435401], [-149.304380224681, -17.7243685577407], [-149.304313169455, -17.7242868012373], [-149.306059287524, -17.722899489886], [-149.306729839778, -17.7236864007731], [-149.307802723383, -17.7231141022887], [-149.308333800768, -17.7236812909733], [-149.308961437678, -17.7243915517506], [-149.309052632784, -17.724524405972], [-149.309041903948, -17.7246470405506], [-149.309015081858, -17.7247901141196], [-149.308966802096, -17.7249229680456], [-149.308972166514, -17.7251069194731], [-149.309015081858, -17.7251682365736], [-149.309111641383, -17.7252193341413], [-149.311305688357, -17.7259449180315], [-149.316289232706, -17.7276617808913], [-149.318595932458, -17.7284435612086], [-149.318783687089, -17.7284742191907], [-149.318848060106, -17.728525315816], [-149.318858788942, -17.7286019607267], [-149.318831966852, -17.7286683862894], [-149.318794415925, -17.7286990442331], [-149.318746136163, -17.7287245925155], [-149.318692491983, -17.7287705794147], [-149.318649576639, -17.7287961276869], [-149.318585203622, -17.7288574435254], [-149.318531559442, -17.7288983207394], [-149.318451093172, -17.7290005137336], [-149.318306253885, -17.7292048995472], [-149.31668619964, -17.7313867035817], [-149.315484570001, -17.7328531471033], [-149.314980314707, -17.7334407430559], [-149.314856933092, -17.7336502333208], [-149.314760373567, -17.7337984092139], [-149.314706729387, -17.7339312564622], [-149.314658449625, -17.7340589941081], [-149.314647720789, -17.7342224981619], [-149.314658449625, -17.734472863455], [-149.314883755182, -17.7358881872064], [-149.315098331903, -17.7368845275452], [-149.315629409288, -17.738923175891], [-149.315774248575, -17.7394085649343], [-149.316026376222, -17.7399194993483], [-149.316337512468, -17.7403946670452], [-149.31671302173, -17.7407523193188], [-149.3171207175, -17.7410844243619], [-149.317925380205, -17.741564698258], [-149.31929867122, -17.7423617457112], [-149.320602224801, -17.7431230249021], [-149.321111844514, -17.7434857809619], [-149.321535633539, -17.7439456115309], [-149.321878956292, -17.7444105501277], [-149.322957204316, -17.7458462320211], [-149.323429273103, -17.7464235670457], [-149.324094460939, -17.747235920255], [-149.324298308824, -17.7475680132728], [-149.324394868348, -17.7478592327967], [-149.324475334619, -17.7484007976693], [-149.324475334619, -17.7486817976652], [-149.324437783692, -17.7489219245848], [-149.324292944406, -17.7492948870341], [-149.323906706307, -17.7497955751276], [-149.32327370498, -17.7503371341419], [-149.32245831344, -17.7510728343288], [-149.321691201661, -17.7517574415086], [-149.321176217531, -17.7523092125535], [-149.320511029695, -17.7531215390517], [-149.320151613687, -17.7535762359222], [-149.319711731409, -17.7543323584972], [-149.319336222146, -17.754802379028], [-149.318649576639, -17.7554920808329], [-149.317952202295, -17.7562277598279], [-149.31772153232, -17.7564832032159], [-149.317576693033, -17.7566466867928], [-149.317442582582, -17.7568919118781], [-149.31734065864, -17.757397687555], [-149.317431853746, -17.7579800941391], [-149.317512320017, -17.7584398874716], [-149.317512320017, -17.7588945708271], [-149.31736748073, -17.7599980671988], [-149.317308472131, -17.7608307937504], [-149.317324565386, -17.7611475353474], [-149.317270921205, -17.7614540589396], [-149.317179726099, -17.7616941687198], [-149.316906140779, -17.7620875393654], [-149.31638579223, -17.7627567783458], [-149.315699146723, -17.7635332967724], [-149.314964221453, -17.7643711155041], [-149.314856933092, -17.7645345918722], [-149.314395593142, -17.7648717614094], [-149.313896702265, -17.7651169752189], [-149.313381718134, -17.7653928403528], [-149.312346385454, -17.7662153246149], [-149.311509536242, -17.7668947652823], [-149.311278866267, -17.7671246506379], [-149.311005280947, -17.7675282264362], [-149.310672687029, -17.7679931037584], [-149.310334728693, -17.7685754758412], [-149.310173796153, -17.7690250249236], [-149.309953855013, -17.7695103323232], [-149.309583710169, -17.7700518316562], [-149.30936376903, -17.7705524616559], [-149.308961437678, -17.7721258610991], [-149.308644937014, -17.7733110099767], [-149.30862884376, -17.7743429004446], [-149.308752225375, -17.7759673496046], [-149.308827327227, -17.7770043330137], [-149.309111641383, -17.7782354237311], [-149.309197472071, -17.7786134332867], [-149.309149192309, -17.7790067667051], [-149.309025810694, -17.7792877186167], [-149.308516190981, -17.779844512918], [-149.308140681719, -17.7804881445354], [-149.307684706187, -17.7815353180054], [-149.307454036212, -17.7820665646385], [-149.307341383433, -17.7826591070963], [-149.307255552745, -17.7829298370479], [-149.307099984622, -17.7830779721308], [-149.306906865573, -17.7831035126499], [-149.305217073893, -17.7831392693705], [-149.3049810395, -17.7832261070908], [-149.303956435657, -17.783946347732], [-149.303033755756, -17.7847738546709], [-149.302127169109, -17.7856320059656], [-149.301934050059, -17.7858618672195], [-149.301783846355, -17.7861887804932], [-149.301590727306, -17.7868426052455], [-149.301381515002, -17.7871490847741], [-149.301118658519, -17.7873278642563], [-149.300662682987, -17.787608803081], [-149.29975609634, -17.7884873725533], [-149.299444960094, -17.7886457189171], [-149.299241112209, -17.7888040651404], [-149.299133823848, -17.7889113318571], [-149.298860238529, -17.7897081683069], [-149.298651026226, -17.790336440693], [-149.29806630466, -17.7913835564238], [-149.29768543098, -17.7920526856993], [-149.297004149891, -17.7936207879934], [-149.296730564571, -17.7945197589929], [-149.296505259014, -17.7958579915268], [-149.296532081104, -17.7967211972658], [-149.296510623432, -17.7973749834496], [-149.296430157161, -17.7978346754263], [-149.296263860203, -17.7986519026834], [-149.296156571842, -17.7994129422017], [-149.296145843006, -17.8001280099326], [-149.296102927662, -17.8006030176272], [-149.295995639301, -17.8010780240574], [-149.295663045383, -17.8020535709327], [-149.295518206096, -17.8025387885967], [-149.295496748424, -17.8030240049411], [-149.295410917736, -17.8033815319295], [-149.295142696834, -17.8039433586066], [-149.294761823154, -17.8043468512195], [-149.294289754368, -17.8047401279513], [-149.293860600925, -17.8050057169422], [-149.292519496418, -17.8056288280225], [-149.291993783451, -17.8059659199949], [-149.291784571148, -17.8062315071608], [-149.291704104878, -17.8066809614639], [-149.291714833714, -17.8072172406848], [-149.291859673001, -17.8093010532099], [-149.292025969959, -17.8112214079022], [-149.292283462025, -17.8136780017098], [-149.292455123402, -17.8149905545913], [-149.292546318508, -17.8157617387429], [-149.29248730991, -17.8168597766464], [-149.292412208058, -17.8179424864685], [-149.292321012951, -17.8185246956353], [-149.291924046017, -17.8194797188347], [-149.291489528157, -17.8203785595246], [-149.290942357518, -17.8214459269566], [-149.290615128018, -17.8219361988499], [-149.290126965977, -17.822472432189], [-149.289499329068, -17.823049519599], [-149.287873910405, -17.8241372987507], [-149.286972688176, -17.8247245945935], [-149.286629365422, -17.8249901538173], [-149.286189483144, -17.8253731712316], [-149.285771058537, -17.8258021497581], [-149.285384820439, -17.8261749516864], [-149.285202430226, -17.8264762567845], [-149.28489129398, -17.8273750621857], [-149.284649895169, -17.8280491632609], [-149.284472869374, -17.828575164601], [-149.283646748998, -17.8299642092176], [-149.282568500974, -17.8315932587728], [-149.281956957318, -17.8325124651127], [-149.281243489721, -17.8333652800856], [-149.280798243024, -17.8338810524288], [-149.280535386541, -17.8342589440887], [-149.28034763191, -17.8345244890996], [-149.280052588918, -17.8349687654441], [-149.279848741033, -17.835264949058], [-149.278909967878, -17.836240308856], [-149.277772711256, -17.8374505646334], [-149.277177260854, -17.8380582427022], [-149.276581810453, -17.838665918697], [-149.275911258199, -17.8391357172042], [-149.274543331602, -17.8400344587203], [-149.273609922865, -17.8406421279699], [-149.272773073652, -17.8412191565137], [-149.272123979071, -17.8417297996828], [-149.271265672186, -17.8425264001016], [-149.27082042549, -17.8430574650669], [-149.270316170195, -17.8437825704416], [-149.269763635138, -17.8446200124097], [-149.269323752859, -17.8452889418827], [-149.268733666876, -17.8461110578675], [-149.268513725737, -17.8463663726179], [-149.268057750205, -17.8467953005739], [-149.267628596762, -17.8471374209405], [-149.267022417525, -17.8473876279564], [-149.265579389075, -17.8476991096682], [-149.263996885756, -17.8480463345404], [-149.262623594741, -17.8483884525018], [-149.261298583488, -17.8487918444769], [-149.260874794463, -17.8490931113048], [-149.260483191947, -17.8495475636903], [-149.259860919456, -17.8502624302622], [-149.259378121833, -17.8509364446849], [-149.259018705825, -17.8514725906978], [-149.258739756088, -17.8520444779973], [-149.258568094711, -17.8525244534189], [-149.25838034008, -17.8532290958407], [-149.258240865211, -17.8536835376612], [-149.258122848014, -17.8539388415454], [-149.257919000129, -17.854250311788], [-149.257661508064, -17.8546128420391], [-149.257033871154, -17.8551030226123], [-149.256384776573, -17.8553940666884], [-149.255290435295, -17.8558178668599], [-149.255108045082, -17.8558944571446], [-149.255038307647, -17.8558791390903]], ""type"": ""LineString""}",21427.628966320775
Arena Champ-de-Mars,"48.84921262083478, 2.3043781135832306","{""coordinates"": [[2.30113315983187, 48.8512362387561], [2.30381909198865, 48.8495771299918], [2.30408270530372, 48.8494120939163], [2.30619162080747, 48.8480858358721], [2.30644644231085, 48.847902896181], [2.30749203728409, 48.8472248275995], [2.30755662884799, 48.8471121713488]], ""type"": ""LineString""}",1001.0937430384097
GRP,"48.86348603681606, 2.3102717500371157","{""coordinates"": [[2.31018738917497, 48.8623577094286], [2.31017174950587, 48.8626917497499], [2.31030774815168, 48.8627710585721], [2.31030741577502, 48.8630684975958], [2.3102456485144, 48.8644649282794], [2.31046594416817, 48.8644708188682]], ""type"": ""LineString""}",388.0553890784133
Arena Paris Sud,"48.83323212834195, 2.287089000804371","{""coordinates"": [[2.28823490553902, 48.8328426936189], [2.28796374098568, 48.8329744379059], [2.28747781979061, 48.8331880879008], [2.28675638278595, 48.833490757857], [2.28650386905454, 48.833241771968], [2.28617042430254, 48.8333754204289], [2.2859799113937, 48.8332538691617]], ""type"": ""LineString""}",321.42330731825484
Trocadero,"48.86795965273836, 2.291016349598471","{""coordinates"": [[2.28839766589546, 48.8631047965147], [2.28792930676421, 48.8633323504172], [2.28775392777298, 48.8634978748355], [2.29005621642138, 48.8666902172809], [2.2902112458765, 48.8668933977025], [2.29037492880273, 48.8671233985089], [2.29057837745163, 48.8674131226782], [2.29146826743671, 48.8686141072465], [2.29164528405671, 48.8688590563672], [2.29176925336256, 48.8690263570572], [2.29332279891659, 48.871165213378], [2.29346006239032, 48.8713504368603], [2.29415915559894, 48.8723331392601], [2.29426100119597, 48.8724705623742], [2.29465015137705, 48.8730350169596]], ""type"": ""LineString""}",1886.266648779329
Invalides,"48.86177658914978, 2.31516301918341","{""coordinates"": [[2.31526504355493, 48.8626895696582], [2.31508221573336, 48.8610411189566], [2.31504701435063, 48.860865783031]], ""type"": ""LineString""}",309.60207859116264
Arena Champ-de-Mars,"48.85177357386357, 2.301310030338996","{""coordinates"": [[2.30163181464609, 48.8516777416775], [2.30151704678369, 48.8515819087551], [2.30107366620723, 48.8518410708756], [2.30135607766793, 48.8520235670423]], ""type"": ""LineString""}",130.7227319942339
CPL,"48.898301331487076, 2.3585540343141997","{""coordinates"": [[2.35881935255733, 48.8982937840995], [2.35833129157524, 48.8983038677464], [2.35834877818057, 48.8983491706087]], ""type"": ""LineString""}",62.27194819667091
Arena Paris Sud,"48.83677182719135, 2.278776317572578","{""coordinates"": [[2.27852269708125, 48.837044291494], [2.27879846639874, 48.8371221006851], [2.27900195008193, 48.8370052999359], [2.27905056241356, 48.8368266473177], [2.27890822705173, 48.8366925314937], [2.27870938945516, 48.8366596310103], [2.27848366168887, 48.8362225526936]], ""type"": ""LineString""}",222.71754708773577
Arena Champ-de-Mars,"48.85363539547768, 2.3039514267590024","{""coordinates"": [[2.30354423715613, 48.8535759636975], [2.30385726589667, 48.8537622009645], [2.30435444837212, 48.8534692372628], [2.30434988672713, 48.8534662375328]], ""type"": ""LineString""}",121.99226390877094
Arena Champ-de-Mars,"48.8502635851331, 2.29966399662573","{""coordinates"": [[2.29819483341959, 48.8492909315101], [2.30113315983187, 48.8512362387561]], ""type"": ""LineString""}",463.99338497225466
YDM,"48.929721732794434, 2.25514301834862","{""coordinates"": [[2.26083005737376, 48.9324760183825], [2.26049558623289, 48.9319225050411], [2.26003236905933, 48.9313548886735], [2.25912545869458, 48.9310854464085], [2.25785061006754, 48.9307239455515], [2.25659755277266, 48.93026938199], [2.25601460903535, 48.9300832601152], [2.25513202055691, 48.9298685033345], [2.25495223443089, 48.9298541862222], [2.25476155174047, 48.9294819386834], [2.2544292191028, 48.928894927401], [2.25408658728038, 48.9282421106155], [2.25365559267507, 48.9283651794151], [2.25232081474047, 48.9287159594185], [2.25134560995625, 48.9286014191718], [2.2495172814349, 48.9283646694866], [2.24915944382968, 48.928328602655], [2.24914219707453, 48.9285113286063]], ""type"": ""LineString""}",1722.9009339644174
La Concorde,"48.87146875218773, 2.330117926141881","{""coordinates"": [[2.32975937413892, 48.8703537195673], [2.33036815522045, 48.8715974240715], [2.33023999976537, 48.8718858171211], [2.33038979114408, 48.8720187184251], [2.32977946855352, 48.8723543823387]], ""type"": ""LineString""}",388.5392495515581
BCY,"48.83872664261635, 2.381125501573135","{""coordinates"": [[2.38107637405772, 48.8386862729877], [2.38117462908855, 48.838767012245]], ""type"": ""LineString""}",17.495962178329794
Parc des Princes,"48.84110323856969, 2.2550218815938528","{""coordinates"": [[2.25450556512215, 48.8424641372975], [2.25473056884631, 48.8413518886292], [2.25506717207484, 48.8410065642309], [2.25573314978884, 48.8398113918625]], ""type"": ""LineString""}",474.4977422737095
EIF,"48.85479386892011, 2.2893634811037313","{""coordinates"": [[2.2890307086762, 48.8543264197424], [2.28892904274223, 48.8544543902992], [2.2890668074759, 48.8545086816531], [2.28908006750779, 48.8545140136728], [2.28909406505656, 48.8546734916923], [2.2891883648052, 48.8547452328154], [2.28934307446005, 48.8548441190278], [2.28948894469253, 48.8548984087769], [2.28968749752312, 48.8549084633472], [2.28981330029047, 48.8552932981251]], ""type"": ""LineString""}",218.54296475031137
Site dâ€™escalade du Bourget,"48.933649860040475, 2.4220377324169853","{""coordinates"": [[2.42550083166849, 48.9309257404067], [2.42555340557052, 48.931074998754], [2.42557781459342, 48.9311551788249], [2.42556091548629, 48.931224256655], [2.42550834248259, 48.9312711313695], [2.42544450280863, 48.9313439099316], [2.42532808923264, 48.931573346428], [2.42513469363006, 48.9319693078192], [2.42492252144141, 48.9323887020118], [2.42480047542861, 48.9326502051136], [2.42473475827569, 48.9327735551689], [2.42471598168962, 48.9328364631845], [2.42471034925279, 48.9328771688147], [2.42471410421066, 48.9329178738216], [2.42471973754582, 48.9329363765158], [2.42440429503211, 48.9330560250989], [2.42419963365756, 48.9331436029164], [2.42390296772992, 48.9332583174563], [2.42382786228396, 48.9332866877035], [2.42349364408252, 48.9333791992418], [2.42302986995245, 48.9335087143991], [2.42239522996717, 48.9336826349161], [2.42151274389667, 48.9339058938116], [2.42058894969615, 48.9341439526792], [2.42005945751485, 48.9342821005636], [2.419959943046, 48.9343104702291], [2.41986793939124, 48.9343277390468], [2.41971960687658, 48.934362275484], [2.4195262103757, 48.9343931124115], [2.41935159135917, 48.9344017465117], [2.41919199217422, 48.9344005131532], [2.41900422900847, 48.9343807776428], [2.41889720462384, 48.9343610421245], [2.41885777397278, 48.9343536413769], [2.41885026315868, 48.9343807776428], [2.41881271088485, 48.9344066799454], [2.41880144511289, 48.9344436836331], [2.41886152893065, 48.9345349596721], [2.41917755804423, 48.9349679002835], [2.41937412290314, 48.9352377157916], [2.41958810429874, 48.9355573257097], [2.41909284062476, 48.9357238072694]], ""type"": ""LineString""}",1351.2709715935541
Invalides,"48.860176166742875, 2.3103382929350795","{""coordinates"": [[2.31013805369958, 48.8579901208463], [2.31015737376639, 48.8581651293706], [2.31029734206744, 48.8598506521819], [2.31031652199706, 48.8600363678911], [2.31042746752792, 48.8610542602171], [2.31043635006945, 48.8612006530109], [2.31054691291798, 48.8623614467534]], ""type"": ""LineString""}",741.0712700037087
Invalides,"48.86242188632677, 2.3179771791833783","{""coordinates"": [[2.3203665859349, 48.8612690403805], [2.31970271566859, 48.8618799955926], [2.3196654185163, 48.8619977689989], [2.31946774962793, 48.862013717749], [2.31948453285236, 48.8621229045278], [2.31930364629013, 48.8623228732227], [2.31821646560742, 48.8626541078446], [2.31801972917029, 48.862700726006], [2.31527007501884, 48.8627620657814], [2.3152626154087, 48.8626945917288]], ""type"": ""LineString""}",701.9132254290047
GRPouLCO,"48.86835073890474, 2.3116505163828753","{""coordinates"": [[2.30924655034025, 48.8687398762214], [2.30968275786919, 48.8684854047156], [2.31018901243069, 48.8683883837525], [2.31064915377373, 48.8685052519442], [2.31102153959498, 48.8687120348031], [2.31361394006271, 48.8679349730739], [2.31408411289253, 48.8677462866173]], ""type"": ""LineString""}",611.2066816580445
GRP,"48.86522332367933, 2.313784075003819","{""coordinates"": [[2.31363483667285, 48.8674779974369], [2.31382396168457, 48.8672468258808], [2.31391643066663, 48.8672092837211], [2.31365526436242, 48.8628528871604]], ""type"": ""LineString""}",794.2892801723057
EIF,"48.8575151220141, 2.29908495067842","{""coordinates"": [[2.29820328836304, 48.8573816170422], [2.2999666129938, 48.857648626986]], ""type"": ""LineString""}",201.42407649242165
Arena Champ-de-Mars,"48.852899237619525, 2.3034979072853967","{""coordinates"": [[2.30539008641877, 48.8540774765388], [2.30470812947254, 48.8537019466074], [2.30163181464609, 48.8516777416775]], ""type"": ""LineString""}",583.2955017338627
EIF,"48.863805592243416, 2.3019714185309534","{""coordinates"": [[2.30174643877803, 48.8649032800364], [2.30191818228731, 48.8648715628381], [2.30202557767614, 48.8649316772888], [2.30239650822663, 48.8648386595921], [2.30232637315914, 48.8646895295344], [2.30198859134095, 48.8646637642253], [2.30195451644558, 48.8641787357158], [2.30190193535707, 48.8640654007838], [2.30206778681639, 48.8626504207743], [2.30131958540614, 48.8625878410025]], ""type"": ""LineString""}",570.3368372580356
DEF,"48.892745579347164, 2.234196255422271","{""coordinates"": [[2.2380149462115, 48.8917842536619], [2.23754996654233, 48.8919240094683], [2.23721783782224, 48.8919589485065], [2.23654029519728, 48.8916969057154], [2.23612845626707, 48.8918453971337], [2.23510550063561, 48.8921423774659], [2.23464076979977, 48.8924238463621], [2.23427300581066, 48.8925000486531], [2.23400776923986, 48.8925777161509], [2.23390301220301, 48.8926978813563], [2.23389409642382, 48.892857612152], [2.23382500160544, 48.8929763107828], [2.23353970475603, 48.8930891473091], [2.23296911285387, 48.8932371538357], [2.23257014318841, 48.8933734363465], [2.23211099448377, 48.893519976736], [2.23185913203092, 48.8936372085021], [2.23164293089823, 48.8937954704188], [2.23042774837237, 48.8941954916782]], ""type"": ""LineString""}",1010.1121522030277
VER,"48.80530214545407, 2.084253705530353","{""coordinates"": [[2.08390746352587, 48.8105359967242], [2.08369077460798, 48.802653651842], [2.08695363448461, 48.8018737926668]], ""type"": ""LineString""}",1718.916071228839
Stade de France,"48.91248118609209, 2.36318097364169","{""coordinates"": [[2.3643705367713, 48.9065865973624], [2.36475677551256, 48.9090985927329], [2.36509056162436, 48.9112187250558], [2.36350627122969, 48.9112422287816], [2.36329437572218, 48.9111956121624], [2.36261994935296, 48.9108982815587], [2.36295075485466, 48.9136372583304], [2.36274273467926, 48.9136689871169], [2.36179084836317, 48.9137696590507], [2.36166687097248, 48.9138252828578], [2.36165435384733, 48.9146753029674], [2.36178250391249, 48.915440700632], [2.36196489425451, 48.9174360067635], [2.36191124956067, 48.9180846401579], [2.36213655511878, 48.9187544158919]], ""type"": ""LineString""}",2532.7778107123645
CPL,"48.8985015826174, 2.362608198490725","{""coordinates"": [[2.36262393068629, 48.8983072657725], [2.36259246629516, 48.8986958994623]], ""type"": ""LineString""}",65.90214478909034
Trocadero,"48.863518807649996, 2.29172445750574","{""coordinates"": [[2.28839766589546, 48.8631047965147], [2.29046697557665, 48.8636976908879], [2.29021811529347, 48.8639627234857], [2.29335238672709, 48.8647522402321], [2.29364007219685, 48.864282790671], [2.29218015085834, 48.8628987924287], [2.292154404244, 48.8626702035374], [2.29296567008211, 48.8621538794277], [2.29295543198283, 48.8621109874628], [2.29293115680893, 48.8620394578285], [2.2921156248715, 48.8614014007644]], ""type"": ""LineString""}",1373.5413972392603
La Concorde,"48.870575722990395, 2.330993026925345","{""coordinates"": [[2.33222667971177, 48.8707977264135], [2.32975937413892, 48.8703537195673]], ""type"": ""LineString""}",284.7529398717402
BCY,"48.84196411802606, 2.376960518954892","{""coordinates"": [[2.3735543741453, 48.8438155428676], [2.3761601217815, 48.84237762728], [2.37636227955137, 48.8423548857629], [2.37809659847991, 48.841426366097], [2.37874267940866, 48.8410585111742], [2.37857816464249, 48.8409481970936], [2.37905796292058, 48.8406175490099], [2.37974174973506, 48.8404969778417], [2.37996022630034, 48.8404592760861], [2.37987630838146, 48.8402406830329], [2.37976210825435, 48.8402051444183]], ""type"": ""LineString""}",1004.9702087315832
GRPouLCO,"48.86971211802687, 2.3084165876686815","{""coordinates"": [[2.30918691118855, 48.8690875023565], [2.30943464857759, 48.8694458602061], [2.30708090892129, 48.8701365953602]], ""type"": ""LineString""}",353.53398780373993
Stade de France,"48.92834727951015, 2.35684008640698","{""coordinates"": [[2.35684008640698, 48.9290028244146], [2.35684008640698, 48.9276917346057], [2.35684008640698, 48.9276917346057]], ""type"": ""LineString""}",222.14509999752045
AQC,"48.918417028876604, 2.352878427969105","{""coordinates"": [[2.35445556687576, 48.9184029283745], [2.35130128906245, 48.9184311293787]], ""type"": ""LineString""}",351.1650970367553
La Concorde,"48.86998889172184, 2.325365099907393","{""coordinates"": [[2.32523745532296, 48.8696540768101], [2.32521345503351, 48.8697945473967], [2.3255801940449, 48.8703034509814]], ""type"": ""LineString""}",119.234316633684
CPL,"48.89873838463046, 2.3592947746954978","{""coordinates"": [[2.36026698673935, 48.898888013038], [2.35879291154523, 48.8988415833157], [2.3588219846211, 48.8982392626862], [2.35891181435288, 48.8981540838948]], ""type"": ""LineString""}",283.8774387443142
La Concorde,"48.86325262728838, 2.3302376771555835","{""coordinates"": [[2.33647237017112, 48.8622505177066], [2.33190547450552, 48.8637263145706], [2.33092008102932, 48.862398069448], [2.32978204132848, 48.8627449453757], [2.3296785706791, 48.8630264562252], [2.32927671023509, 48.863145560743], [2.32888970702753, 48.8630169186088], [2.32644088698658, 48.8637826819505], [2.32475179104609, 48.8643098385416], [2.32442727195474, 48.8642293496615], [2.3241136664958, 48.8641515672197], [2.32388379839436, 48.8642042282543]], ""type"": ""LineString""}",1715.430782508463
GRP,"48.8679565992309, 2.312004091250756","{""coordinates"": [[2.31037334582866, 48.8684352010249], [2.31363483667285, 48.8674779974369]], ""type"": ""LineString""}",397.5654050521927
Invalides,"48.862751747138304, 2.314508878450261","{""coordinates"": [[2.31383056699683, 48.8626051824854], [2.3138412138296, 48.8627277528658], [2.31405253980525, 48.8627473051199], [2.31426761445055, 48.8627824400612], [2.31503062638488, 48.8627784521966], [2.31509991164612, 48.8626964071913], [2.31526504355493, 48.8626895696582]], ""type"": ""LineString""}",188.4409145604401
CPL,"48.89845129141445, 2.358571547859972","{""coordinates"": [[2.3588111410573, 48.8984639042511], [2.35838005572215, 48.8984468952738], [2.35839155505609, 48.8983922299335]], ""type"": ""LineString""}",57.41934826435258
Arena Paris Sud,"48.82873086841481, 2.3000274354436496","{""coordinates"": [[2.29515605739222, 48.8298634722658], [2.29669617582771, 48.8294509678991], [2.2977513513335, 48.829247762637], [2.30122191517855, 48.8284637818088], [2.30292108752162, 48.8280739234493], [2.30490917602638, 48.8276381286367]], ""type"": ""LineString""}",1149.4998386935558
Parc des Princes,"48.84119209329805, 2.2545619146433","{""coordinates"": [[2.25439326044029, 48.8410322979669], [2.25473056884631, 48.8413518886292]], ""type"": ""LineString""}",65.81752124648582
Trocadero,"48.862372437140294, 2.2880714364118253","{""coordinates"": [[2.2876825422506, 48.8626094321644], [2.28846033057305, 48.8621354421162]], ""type"": ""LineString""}",118.02298857637122
La Concorde,"48.870068528070945, 2.324963743147485","{""coordinates"": [[2.32532748178581, 48.870573295566], [2.32460000450916, 48.8695637605759]], ""type"": ""LineString""}",189.07261172054777
AQC,"48.92163191810332, 2.3516729205973834","{""coordinates"": [[2.3545501477971, 48.9181903580634], [2.3545442988663, 48.918242963392], [2.35446611309722, 48.9189073038195], [2.35444200321329, 48.9192443259608], [2.35434337358501, 48.920091192604], [2.35429296282619, 48.9203345921722], [2.35418995840247, 48.9209264328437], [2.35285220704428, 48.92083852901], [2.35161077484751, 48.920757657677], [2.35135927711069, 48.9216226248209], [2.35140743669138, 48.9217175592045], [2.35128290324353, 48.9221138738201], [2.34983959265294, 48.9220902630578], [2.3496469561268, 48.9222273894868], [2.34953458496959, 48.9225227366679], [2.34932054518347, 48.9230712347849], [2.34918141950217, 48.9232364859808], [2.34912751339858, 48.9234450511979], [2.34915291416157, 48.9237557093357], [2.34909730215726, 48.9239081994739], [2.34896545282974, 48.9240610474257], [2.34893358958663, 48.9241113168732], [2.34888127080618, 48.9241918929659], [2.34926883456245, 48.9244910007585], [2.3497207706937, 48.9243671432906], [2.35007614781334, 48.9241093454538]], ""type"": ""LineString""}",1709.3885769507197
Stade de France,"48.92727553463764, 2.3580292352508967","{""coordinates"": [[2.35697956153295, 48.9277199303651], [2.35822410639217, 48.9278820564109], [2.35839576815478, 48.9259788074858]], ""type"": ""LineString""}",464.2735385229201
Parc des Princes,"48.83964445121829, 2.2548048891585375","{""coordinates"": [[2.25560146934461, 48.8385477726587], [2.25557052687462, 48.8385788053081], [2.25550127664771, 48.8385400141977], [2.25471152007072, 48.8393080776779], [2.25444630416116, 48.8408655032032], [2.25439326044029, 48.8410322979669]], ""type"": ""LineString""}",467.1484744552204
La Concorde,"48.86712195749758, 2.3157358301723328","{""coordinates"": [[2.31408411289253, 48.8677462866173], [2.31609231826975, 48.8671087638177], [2.31595097824127, 48.8669041335591], [2.31732299673424, 48.8664826791362]], ""type"": ""LineString""}",454.8246064849202
La Concorde,"48.86999886456251, 2.3274998525392063","{""coordinates"": [[2.32975937413892, 48.8703537195673], [2.32813268865277, 48.8700665142261], [2.32794438739616, 48.8700787815633], [2.32523745532296, 48.8696540768101]], ""type"": ""LineString""}",518.3438157030854
CPL,"48.897382337270166, 2.3588969903724766","{""coordinates"": [[2.3588219846211, 48.8982392626862], [2.35886353978783, 48.8970852683554], [2.35899711837225, 48.8970812241684], [2.35902503890961, 48.8965721719188]], ""type"": ""LineString""}",296.60102495310497
Arena Paris Sud,"48.83027752239314, 2.292458508756509","{""coordinates"": [[2.29215870178431, 48.8308223620306], [2.29252423795152, 48.8306589033673], [2.29247841578718, 48.829573530751], [2.2924872210736, 48.8295621606352]], ""type"": ""LineString""}",234.96073257796968
EIF,"48.856046143872, 2.29598931219189","{""coordinates"": [[2.29606486499887, 48.8562628796045], [2.29591375938491, 48.8558294081395]], ""type"": ""LineString""}",75.24359750468842
RGAouPDP,"48.84753813768275, 2.25803876355127","{""coordinates"": [[2.25819927228045, 48.8475391263808], [2.25787825482209, 48.8475371489847]], ""type"": ""LineString""}",35.737065499698495
Stade de Lyon,"45.76525581767854, 4.97718325943535","{""coordinates"": [[4.98042478208516, 45.7613477834474], [4.98046769742939, 45.7609785242597], [4.97949494940846, 45.7609635542442], [4.97945918683988, 45.7611881040554], [4.97925891501517, 45.7613228335083], [4.97711314780344, 45.7617220300533], [4.97583283959721, 45.7617469795855], [4.97485293945547, 45.7619216271405], [4.97511758429653, 45.7633038178263], [4.97509612662441, 45.7637628770667], [4.97461690506218, 45.7652797422619], [4.9743451081003, 45.7666768182367], [4.97451676947724, 45.7669262922689], [4.97498883826382, 45.7674651529278], [4.97528924567346, 45.7682135615568], [4.9754036868097, 45.76884720627], [4.9783648455619, 45.7685528369035], [4.97985972983446, 45.7683482740436], [4.98126878407339, 45.7680838382661], [4.98134030921055, 45.7667017657815]], ""type"": ""LineString""}",2762.0297298865235
Stade de France,"48.932276379391325, 2.3522885256522352","{""coordinates"": [[2.34714639222721, 48.9356828077257], [2.34759700334337, 48.9354008937909], [2.35157096279665, 48.9328100276911], [2.3554333466628, 48.9302049285347], [2.35574448239088, 48.9299413107741], [2.35552239509468, 48.9297080004434], [2.35568654524176, 48.9295761905328], [2.35684955152751, 48.9294253473503], [2.35693109061468, 48.9289981924894]], ""type"": ""LineString""}",1645.6566198531982
La Concorde,"48.87075677861007, 2.3251393545676464","{""coordinates"": [[2.32532748178581, 48.870573295566], [2.32496483819381, 48.8706921623165], [2.32507785164645, 48.8708784014902], [2.32527709348488, 48.8708686627004], [2.32528923241933, 48.8709758087832]], ""type"": ""LineString""}",119.46564097178306
Parc des Princes,"48.84510692460497, 2.2558284118431353","{""coordinates"": [[2.25553928885895, 48.8447882002669], [2.25565172649149, 48.8449935446434], [2.25586889061814, 48.8450341403559], [2.25595980192153, 48.8452322116559], [2.25603509870864, 48.8452612348926], [2.25596497262433, 48.8453750191316], [2.25602242437829, 48.8454394087265]], ""type"": ""LineString""}",140.16600029326227
BCY,"48.83897088739465, 2.38091014485681","{""coordinates"": [[2.38117462908855, 48.838767012245], [2.38064566062507, 48.8391747625443]], ""type"": ""LineString""}",90.68306146429693
BCY,"48.83887468243368, 2.380694500051518","{""coordinates"": [[2.38051395951957, 48.8391226693826], [2.38043861871501, 48.8390732935505], [2.3810046211244, 48.8386205668541]], ""type"": ""LineString""}",110.99697438896875
Arena Paris Sud,"48.83166436876586, 2.29013714836033","{""coordinates"": [[2.28805087577161, 48.8322160407733], [2.2890431808856, 48.8321916696651], [2.29215870178431, 48.8308223620306]], ""type"": ""LineString""}",527.5566994388489
Parc des Princes,"48.843626168782194, 2.25502242699055","{""coordinates"": [[2.25450556512215, 48.8424641372975], [2.25553928885895, 48.8447882002669]], ""type"": ""LineString""}",409.6084185926159
EIF,"48.856778305358546, 2.29192463585557","{""coordinates"": [[2.29276127101565, 48.8562466665971], [2.29108800069549, 48.85730994412]], ""type"": ""LineString""}",258.95818382570275
La Concorde,"48.86678232914515, 2.322079074454575","{""coordinates"": [[2.32202965319006, 48.8667100811764], [2.32212849571909, 48.8668545771139]], ""type"": ""LineString""}",26.81413538581877
BCY,"48.83781602930829, 2.381452312778385","{""coordinates"": [[2.38107637405772, 48.8386862729877], [2.3810046211244, 48.8386205668541], [2.38118143382683, 48.8384971067294], [2.38209948060616, 48.837748676201], [2.38119658301578, 48.8372847512806], [2.38063173853482, 48.837280539067]], ""type"": ""LineString""}",395.46013167221076
Stade Roland-Garros,"48.84812826348715, 2.256988248505185","{""coordinates"": [[2.25695604165645, 48.847846317613], [2.25702045535392, 48.8484102093613]], ""type"": ""LineString""}",95.65922458035604
Stade Roland-Garros,"48.86498103131356, 2.635953283494309","{""coordinates"": [[2.64332431727024, 48.8639998165911], [2.64308578401957, 48.8644997978604], [2.64285213490911, 48.8646876580043], [2.64275328160032, 48.8648311847213], [2.64266745026988, 48.8649149961063], [2.64252261130334, 48.8649599900201], [2.6421511893744, 48.8649182126178], [2.64151254020798, 48.8650382486875], [2.64123125613297, 48.8650632071667], [2.64087841675399, 48.8650330507509], [2.64054604009887, 48.8649861345626], [2.63971728945201, 48.8649153022156], [2.63897224651832, 48.8649218747014], [2.63816507070965, 48.8649431055621], [2.63763635197783, 48.8649678383482], [2.63653120319281, 48.8650415213308], [2.63568945751708, 48.8650636610109], [2.6349844776484, 48.8650444145883], [2.63470818820636, 48.8650261172133], [2.63439695519808, 48.8649911097182], [2.63392716325393, 48.8649382680918], [2.63362701006639, 48.8648784166195], [2.6332517370598, 48.8648013803695], [2.63268420481948, 48.8647637955999], [2.63225119259802, 48.8647840514665], [2.63186640822923, 48.8648338309758], [2.63154393370348, 48.864875549354], [2.63119385664402, 48.8649413475028], [2.630852100679, 48.8650178304143], [2.6302847804411, 48.8651635284862], [2.62975120451854, 48.8653129283727], [2.62927820558881, 48.8654018292988], [2.62886284166943, 48.8654672958303], [2.62836658445872, 48.8655247296641], [2.62833878878719, 48.8653182893796]], ""type"": ""LineString""}",1833.5521458413882
Stade de France,"48.920184029164844, 2.357194160069514","{""coordinates"": [[2.35459472040488, 48.9181809372208], [2.35733910414057, 48.9181610424074], [2.35787712852042, 48.9181708599456], [2.35776968731751, 48.9196662295495], [2.35758890226488, 48.9224869666516], [2.35760364451701, 48.923969071683], [2.3579922961331, 48.9239783816479]], ""type"": ""LineString""}",1391.7215557940374
LGN,"48.75230388412836, 2.0687759763319558","{""coordinates"": [[2.070254404552, 48.7543286259083], [2.06791909538549, 48.7514284467503], [2.06781180689619, 48.7512869701404], [2.06788690874886, 48.7510464591077], [2.06805857051147, 48.7509049820144], [2.06836970650169, 48.7509120557305], [2.06820877421684, 48.7512445269613], [2.06859501205977, 48.7517184717854]], ""type"": ""LineString""}",837.5767793544481
Stade de France,"48.918093649490345, 2.348423314615065","{""coordinates"": [[2.351175260818, 48.9181817784203], [2.34567136841213, 48.9180055205604]], ""type"": ""LineString""}",613.4176072630289
BCY,"48.840100014388895, 2.37949110045702","{""coordinates"": [[2.37922009265969, 48.8399948843595], [2.37976210825435, 48.8402051444183]], ""type"": ""LineString""}",70.03746949372155
Trocadero,"48.8686009720911, 2.2950284698414003","{""coordinates"": [[2.29335238672709, 48.8647522402321], [2.29392346371952, 48.8650315899392], [2.29517096852764, 48.8671947985571], [2.29555304447585, 48.8677467197552], [2.29554696288136, 48.8681964153417], [2.29556349547584, 48.8693743782815], [2.2955391529283, 48.8695741147358], [2.29546650796789, 48.87014477318], [2.2954311502783, 48.8703587219606], [2.29540670981437, 48.8705655964274], [2.29525320030874, 48.87151412257], [2.2952153300313, 48.8719136579552], [2.29514702483204, 48.8721631062682], [2.29507601480548, 48.8726124165142], [2.29501698291488, 48.872976134711]], ""type"": ""LineString""}",1461.6498119221264
EIF,"48.8569886533071, 2.2939621882947803","{""coordinates"": [[2.29298664933726, 48.8563289964205], [2.2949377272523, 48.8576483101937]], ""type"": ""LineString""}",311.44796309755594
BCY,"48.83823814758815, 2.38165045591477","{""coordinates"": [[2.38107637405772, 48.8386862729877], [2.38222453777182, 48.8377900221886]], ""type"": ""LineString""}",198.27672533288137
VNS,"48.86629587326384, 2.6230042257039234","{""coordinates"": [[2.6202916310647, 48.8688559754246], [2.61995885735423, 48.8688786328163], [2.61970601933101, 48.8685730756579], [2.61945748783124, 48.867919121938], [2.61945352356588, 48.8673681291972], [2.61962922684893, 48.8666172145163], [2.62009720060293, 48.866275593373], [2.62126876722681, 48.8660308880698], [2.62277886037225, 48.8659216554512], [2.62332284058243, 48.8657454443119], [2.62354166838901, 48.8656745598554], [2.62385916445144, 48.8656082438284], [2.62407122524899, 48.8655806772261], [2.624380497235, 48.8655514406203], [2.62475000754904, 48.8655354776332], [2.62526456973031, 48.8655673486453], [2.62561283758282, 48.8656004789228], [2.62605824475856, 48.8656428490553], [2.62645911436084, 48.865667678409], [2.62686980973568, 48.865676629903], [2.62724600800701, 48.865651014018], [2.62752930610488, 48.8656305215369], [2.62787753173656, 48.8655800697431], [2.62832836653327, 48.865531179155], [2.62830053762409, 48.8653246626658]], ""type"": ""LineString""}",1484.4220756304528
VNS,"48.86296522221884, 2.6428628759944908","{""coordinates"": [[2.64363304577551, 48.8637177988554], [2.64399782645957, 48.8632307956297], [2.64416591113067, 48.8630496380801], [2.64434830147271, 48.8629261211662], [2.64438048810935, 48.8628661278189], [2.64428392819944, 48.8626826162939], [2.64398888552752, 48.8625520410806], [2.64379040276551, 48.8625649810137], [2.643661656219, 48.8626414439182], [2.64349714684268, 48.8626679123422], [2.64331118030752, 48.8626670300222], [2.64311090899975, 48.862701879581], [2.64293924723718, 48.86280870689], [2.64278189114548, 48.862850357813], [2.6426102302812, 48.862852361198], [2.64253155133705, 48.8628133666844], [2.64240995807513, 48.8626103582173], [2.64229909339268, 48.8624523882361], [2.64222756773312, 48.8623673523641], [2.64212385543692, 48.8623567650508], [2.64208451731233, 48.8624244062135], [2.641308464535, 48.8639439488137], [2.64119759985251, 48.8638542534152]], ""type"": ""LineString""}",817.088083968593
Stade de France,"48.91818882855641, 2.3529294257769653","{""coordinates"": [[2.35452265755279, 48.9181888285564], [2.35133619400114, 48.9181888285564]], ""type"": ""LineString""}",354.71550000086427
BCY,"48.839315108327604, 2.381200868171256","{""coordinates"": [[2.38188288511307, 48.8399170950031], [2.3820204243696, 48.8397185166807], [2.38051395951957, 48.8391226693826], [2.38107637405772, 48.8386862729877]], ""type"": ""LineString""}",329.3482886957089
Invalides,"48.86252461756623, 2.311117666488158","{""coordinates"": [[2.3090543090728, 48.8623242838806], [2.309595055348, 48.8623416821884], [2.31026562614801, 48.8623598257095], [2.31054691291798, 48.8623614467534], [2.31071508382737, 48.8624623555978], [2.31119778456215, 48.8625055870712], [2.31156038144173, 48.8626314092213], [2.31185533967202, 48.8626902144075], [2.31277813494594, 48.8627264509578], [2.31318336317398, 48.8627214182529]], ""type"": ""LineString""}",473.8299894977856
Stade Roland-Garros,"48.84608676541942, 2.2494450343113384","{""coordinates"": [[2.2429522846424, 48.8474626888803], [2.25062436339441, 48.8455401985712], [2.2545267905157, 48.8454238549207], [2.2547662975401, 48.8454936761592], [2.25571105752105, 48.8454829002395], [2.25602242437829, 48.8454394087265]], ""type"": ""LineString""}",1518.514305347361
EIF,"48.86360071836992, 2.3013653901882036","{""coordinates"": [[2.30131365383034, 48.8626227763073], [2.30154048562609, 48.8628125606021], [2.30143245602664, 48.8640911687648], [2.3012848942665, 48.8641217175506], [2.30113568679277, 48.8642750397425], [2.30091471021603, 48.8642937368756], [2.30083114353841, 48.8643931892671]], ""type"": ""LineString""}",349.6044288428784
BCY,"48.837732791646744, 2.3823957115648238","{""coordinates"": [[2.38267536268703, 48.8375885843428], [2.38231790057763, 48.8378208885709], [2.38209948060616, 48.837748676201]], ""type"": ""LineString""}",83.12982474479875
Parc des Princes,"48.84203242577438, 2.252438682162124","{""coordinates"": [[2.25450556512215, 48.8424641372975], [2.25396369685118, 48.8426359709216], [2.25146005352681, 48.8422491138655], [2.25158143658294, 48.8403869007917]], ""type"": ""LineString""}",668.5063671118644
Arena Champ-de-Mars,"48.85550864330965, 2.29425859326183","{""coordinates"": [[2.29298664933726, 48.8563289964205], [2.2955305371864, 48.8546882901988]], ""type"": ""LineString""}",396.5464111652872
EIF,"48.85643639472249, 2.294973718254175","{""coordinates"": [[2.29589230132774, 48.8558435265947], [2.29405513518061, 48.8570292628503]], ""type"": ""LineString""}",286.4829880512495
EIF,"48.86166910729468, 2.2986028465648096","{""coordinates"": [[2.2957195445188, 48.8604526196822], [2.29595103228271, 48.8607111898038], [2.29658114655558, 48.8610527904243], [2.29742674061398, 48.8614622793907], [2.29806588295548, 48.8616706710509], [2.2986336092319, 48.8618262902127], [2.29969822782794, 48.8620419239821], [2.30049031643139, 48.8621417389807], [2.30130481081468, 48.8621845688667], [2.30132086640373, 48.8626228188573]], ""type"": ""LineString""}",785.3407533082376
EIF,"48.8586757167161, 2.296486567880055","{""coordinates"": [[2.29553849985307, 48.8580230587373], [2.29743463590704, 48.8593283746949]], ""type"": ""LineString""}",305.50297421200554
EIF,"48.86477154099847, 2.300876019371368","{""coordinates"": [[2.30062689449056, 48.8650127447549], [2.30105739232754, 48.8648486932554], [2.30083107706306, 48.8645796734919], [2.30083114353841, 48.8643931892671]], ""type"": ""LineString""}",138.9692878970246
EIF,"48.859083790283826, 2.297881175638306","{""coordinates"": [[2.2999666129938, 48.857648626986], [2.29989113923856, 48.8578150945703], [2.2957195445188, 48.8604526196822]], ""type"": ""LineString""}",673.4474466499855
Stade Roland-Garros,"48.84781530323206, 2.2543748995072685","{""coordinates"": [[2.25788267453327, 48.8476156873148], [2.25787825482209, 48.8475371489847], [2.25735140817931, 48.8475493065704], [2.257280683817, 48.8476103923939], [2.25706188026494, 48.8477122011459], [2.2569889451487, 48.8478460066701], [2.25266812409058, 48.8478867301224], [2.25125639826537, 48.8478998192686], [2.25122226677615, 48.8478372884456], [2.25110515251423, 48.8476411173515], [2.25109450657983, 48.84735619888]], ""type"": ""LineString""}",872.1622079840025
La Concorde,"48.8666774546539, 2.3225990188569097","{""coordinates"": [[2.32207934709326, 48.8668705030432], [2.32296366303201, 48.8665839460445], [2.32284292586456, 48.8663802260317]], ""type"": ""LineString""}",146.7395650302313
Invalides,"48.860882239210554, 2.3147626131215597","{""coordinates"": [[2.31447821189249, 48.8608986953901], [2.31504701435063, 48.860865783031]], ""type"": ""LineString""}",63.563229895904605
EIF,"48.8640782847743, 2.301667195691855","{""coordinates"": [[2.30143245602664, 48.8640911687648], [2.30190193535707, 48.8640654007838]], ""type"": ""LineString""}",52.443785496081034
La Concorde,"48.869376067849586, 2.323969151315628","{""coordinates"": [[2.32460000450916, 48.8695637605759], [2.32448243929296, 48.8693963866394], [2.3242705177343, 48.8693541685899], [2.32384024986604, 48.8694829628378], [2.32357591340717, 48.8694277647527], [2.32350564269405, 48.8693003122804], [2.32383788190696, 48.8691308646035]], ""type"": ""LineString""}",209.09247408284963
La Concorde,"48.86670783081106, 2.317487199335885","{""coordinates"": [[2.31888208040202, 48.8663068978044], [2.31609231826975, 48.8671087638177]], ""type"": ""LineString""}",338.9071389935623
CPL,"48.8982257826142, 2.360725053304456","{""coordinates"": [[2.35939715703289, 48.8975561770876], [2.3595323903141, 48.8975644094808], [2.35950734708059, 48.8983052626261], [2.35960251011021, 48.8983373655181], [2.36019274726932, 48.898350813518], [2.36108582447703, 48.89836272018], [2.36126695717768, 48.8982776691579], [2.36262393068629, 48.8983072657725]], ""type"": ""LineString""}",493.6079361204934
La Concorde,"48.86851938159563, 2.3237895084621902","{""coordinates"": [[2.32538059467696, 48.8696765364837], [2.32550595008329, 48.8693654221309], [2.32476862816945, 48.869234930534], [2.32457941961441, 48.8689814950241], [2.32409080257518, 48.8691124617707], [2.32383788190696, 48.8691308646035], [2.3232216286389, 48.8682564773442], [2.32301632047734, 48.8679610309713], [2.3222014703612, 48.8668309301932]], ""type"": ""LineString""}",704.057227216942
Invalides,"48.86284703520834, 2.314024438068425","{""coordinates"": [[2.31318105809696, 48.8626416998088], [2.31318700224919, 48.8628473261419], [2.31504768718876, 48.8628694118326]], ""type"": ""LineString""}",241.96520320182628
Arena Paris Sud,"48.827626395265796, 2.304937588840505","{""coordinates"": [[2.30490917602638, 48.8276381286367], [2.30496600165463, 48.8276146618949]], ""type"": ""LineString""}",7.4673665533406295
Arena Champ-de-Mars,"48.85429219870085, 2.30574331342081","{""coordinates"": [[2.30539008641877, 48.8540774765388], [2.30609654042285, 48.8545069208629]], ""type"": ""LineString""}",107.06720806134558
BCY,"48.84209767197669, 2.376414964961109","{""coordinates"": [[2.3746026937088, 48.8432370712181], [2.37441039315258, 48.8430854972098], [2.37614807267859, 48.8421070536385], [2.37632562379618, 48.8419562826284], [2.37642454447865, 48.8419746451935], [2.37662993708184, 48.8421333608775], [2.37729645288666, 48.8417917960994], [2.37796406014459, 48.8413580243394], [2.37857816464249, 48.8409481970936]], ""type"": ""LineString""}",662.7686703291579
ELA,"48.78865215975079, 1.9725894531133032","{""coordinates"": [[1.97090388607184, 48.7902649430619], [1.97244883834187, 48.7897842931145], [1.97294236467411, 48.7895581035545], [1.97302819510625, 48.7893248446692], [1.9733393310965, 48.7889996932501], [1.97365046798502, 48.7888088432432], [1.97378994221267, 48.7886179919186], [1.97378994221267, 48.7883847286631], [1.97351099285908, 48.7881514637314], [1.97282434760537, 48.7876778626692], [1.97255612683118, 48.787416319568], [1.97244883834187, 48.7870982255857], [1.97139741240407, 48.7870982255857]], ""type"": ""LineString""}",871.4143787003298
DEF,"48.89585577714816, 2.225940578641148","{""coordinates"": [[2.22890100046158, 48.8949930665616], [2.22386917633078, 48.896594203155], [2.22330054724751, 48.8957760077301]], ""type"": ""LineString""}",774.6192444868808
Arena Paris Nord,"48.9731540630543, 2.5147679333268362","{""coordinates"": [[2.51401485225721, 48.9739432130312], [2.51391829324564, 48.9733305176446], [2.5157582881876, 48.9728551452857], [2.51570464439209, 48.9724818869587]], ""type"": ""LineString""}",388.162778063417
Parc des Princes,"48.83895806427564, 2.2527705447742727","{""coordinates"": [[2.25158143658294, 48.8403869007917], [2.25171756907771, 48.839334216108], [2.25120652469912, 48.8390230313855], [2.25124446774009, 48.8387488164199], [2.25183055378428, 48.8387286877795], [2.25198332128148, 48.8387593886237], [2.25308433781621, 48.8386532366427], [2.2535887220853, 48.8386742320924], [2.25386696985465, 48.8387533052168], [2.25480501133561, 48.8386996631221], [2.25543151707601, 48.8386078578246]], ""type"": ""LineString""}",776.0117354651911
RGAouPDP,"48.846085536263985, 2.2574718383705843","{""coordinates"": [[2.25602242437829, 48.8454394087265], [2.25742194389541, 48.8454204438422], [2.25831515495208, 48.8472582650042], [2.25819927228045, 48.8475391263808]], ""type"": ""LineString""}",531.4536041350467
Arena Paris Sud,"48.83471938993786, 2.2829814416711005","{""coordinates"": [[2.27890822705173, 48.8366925314937], [2.28101159815352, 48.8362155613584], [2.2812019745184, 48.8359637727142], [2.28081947815865, 48.8352540796899], [2.28103401920468, 48.8351976127773], [2.28371064571346, 48.834318941172], [2.28408838639211, 48.8341416821471], [2.28709227993866, 48.832900972633], [2.28702604355951, 48.8324132574423]], ""type"": ""LineString""}",1310.4707511668717
Arena Paris Sud,"48.83026205227603, 2.293840408788644","{""coordinates"": [[2.29252423795152, 48.8306589033673], [2.29367944266081, 48.8303116454449], [2.29515605739222, 48.8298634722658]], ""type"": ""LineString""}",322.3761721081937
Arena Champ-de-Mars,"48.852879041785954, 2.2984186251225496","{""coordinates"": [[2.30135256076359, 48.8516780531876], [2.30083310006909, 48.8513243312281], [2.30062933431488, 48.8514309026373], [2.29938378963072, 48.8522440894248], [2.29889812086227, 48.8525363102014], [2.29548107684518, 48.8547198944554]], ""type"": ""LineString""}",911.0238355591634
EIFouCDM,"48.855589406815234, 2.291656685728872","{""coordinates"": [[2.28981330029047, 48.8552932981251], [2.29224835724292, 48.8554750387505], [2.29297695561705, 48.8560773218898], [2.29276127101565, 48.8562466665971], [2.29298664933726, 48.8563289964205]], ""type"": ""LineString""}",469.1241227986064
Stade Roland-Garros,"48.848038477460285, 2.2427535401237653","{""coordinates"": [[2.24300335656125, 48.8487996954847], [2.2428553716946, 48.8486059388186], [2.24273943692066, 48.848493844301], [2.24281298019634, 48.8483953203282], [2.24296613486745, 48.8481253407839], [2.24279590591774, 48.8479300900491], [2.24238368789846, 48.8477662952742], [2.24295236010085, 48.8474574997592]], ""type"": ""LineString""}",300.69725914180367
VNS,"48.86913787469584, 2.6414060856526853","{""coordinates"": [[2.6394863505588, 48.8749387438631], [2.63945416392216, 48.8747976159476], [2.63942197818383, 48.8746988258744], [2.63984040266339, 48.8734498200147], [2.63997987689103, 48.8731887248443], [2.64052704791713, 48.8715727246962], [2.64111713415927, 48.8699213870436], [2.64116004937534, 48.8697802449744], [2.64227584858638, 48.8666326636452], [2.6424904246667, 48.86603276605], [2.64254406936054, 48.8658139779326], [2.64271573022482, 48.865404630349], [2.64264062837211, 48.8651505502227], [2.64252261130334, 48.8649599900201], [2.64266745026988, 48.8649149961063], [2.64275328160032, 48.8648311847213], [2.64290348530573, 48.8648664736182], [2.6430375956928, 48.8648470646098], [2.64325217267145, 48.8646000399403], [2.64361963482664, 48.8637389729039]], ""type"": ""LineString""}",2002.9017541411624
Velopark de Saint-Quentin-en-Yvelines,"48.787872506540914, 2.040983336620738","{""coordinates"": [[2.04161158201351, 48.7872584143281], [2.04177924774814, 48.7871173393873], [2.04190757419895, 48.787181259005], [2.0422411173106, 48.7873197012954], [2.04244591438952, 48.7873591806648], [2.04260064400338, 48.7873279724883], [2.04412793615392, 48.7879759863371], [2.04495449861501, 48.7872279774957], [2.04430584603617, 48.7878153683249], [2.04452622917789, 48.7879197286446], [2.04390751321823, 48.7884172785071], [2.04386476149557, 48.7884466193352], [2.04380241482158, 48.788461876559], [2.04365990698321, 48.7884102372977], [2.04315934953722, 48.7881942900205], [2.04297230861697, 48.7881074412748], [2.04312194099386, 48.7879396121477], [2.0427817049783, 48.7877764764615], [2.04246106301576, 48.7876438551948], [2.04188747074053, 48.7873915218433], [2.04161492547658, 48.7872600732197], [2.04147954307505, 48.7872002170887], [2.04138691329454, 48.7871779180989], [2.04127290720351, 48.787188480468], [2.04116602654932, 48.787188480468], [2.04111793074902, 48.7871849594813], [2.04100425883127, 48.7872094596016], [2.04074819046629, 48.7872791453476], [2.04048655613979, 48.7873433290657], [2.04016368725361, 48.7873781718579], [2.03993823616847, 48.7873671685931], [2.03976845188482, 48.7873433290657], [2.03957918404097, 48.7872993171454], [2.03942053347695, 48.7872332997845], [2.03930084913503, 48.7871819522305], [2.03916724899104, 48.7871434415306], [2.03893901402679, 48.7870352454049], [2.0387914971824, 48.7871691153338], [2.0384602784557, 48.7874716968474], [2.03817916056898, 48.7877210953755], [2.03791474236341, 48.787933817314], [2.03715767098805, 48.7886123196752], [2.03687933608211, 48.7888745495898], [2.03653698453405, 48.7891624503256], [2.03639225067044, 48.7892724753769], [2.03620576580735, 48.7893531604979], [2.03602206482331, 48.7893714985453], [2.03588568080025, 48.7893494934794], [2.03569641385472, 48.7892834782238], [2.03533736172722, 48.7893109844429], [2.03514531090266, 48.7893073168296], [2.03496472258109, 48.7892725410708]], ""type"": ""LineString""}",2076.991158431719
La Concorde,"48.862165435339236, 2.3250704449308706","{""coordinates"": [[2.32524933194935, 48.860924717946], [2.3241806511716, 48.8612384963543], [2.32506639722827, 48.8623514066816], [2.32618246503557, 48.8638419963711]], ""type"": ""LineString""}",624.0101066227201
GRP,"48.866612418305145, 2.3142944154372684","{""coordinates"": [[2.31496379082944, 48.8674670318377], [2.31431223466905, 48.8667624032836], [2.3142118290714, 48.8661053046048], [2.31350501484292, 48.8660915607394]], ""type"": ""LineString""}",330.044230136952
CPL,"48.8982995233628, 2.35916334981896","{""coordinates"": [[2.35950734708059, 48.8983052626261], [2.35881935255733, 48.8982937840995]], ""type"": ""LineString""}",76.61186052496706
BCY,"48.839593872193646, 2.37995749542188","{""coordinates"": [[2.37940103132419, 48.8400650750047], [2.38051395951957, 48.8391226693826]], ""type"": ""LineString""}",201.8793309034258
Arena Paris Sud,"48.8325723331958, 2.287651410544061","{""coordinates"": [[2.28823490553902, 48.8328426936189], [2.28773220291614, 48.8325379542428], [2.28702604355951, 48.8324132574423]], ""type"": ""LineString""}",157.4638875747859
Arena Paris Sud,"48.835665956535756, 2.2778807790776536","{""coordinates"": [[2.27741786450321, 48.834779856049], [2.27773808515591, 48.8353947757279], [2.27798109830487, 48.835874838425], [2.27797294609368, 48.8360216194154], [2.27810615726716, 48.8362936976335], [2.27848366168887, 48.8362225526936]], ""type"": ""LineString""}",312.4101838893737
Arena Champ-de-Mars,"48.85455328859045, 2.30617228052856","{""coordinates"": [[2.30609654042285, 48.8545069208629], [2.30624802063427, 48.854599656318]], ""type"": ""LineString""}",23.03282573734843
Arena Champ-de-Mars,"48.85142983162418, 2.301296036921547","{""coordinates"": [[2.30113315983187, 48.8512362387561], [2.30116198137944, 48.8513560522827], [2.30151704678369, 48.8515819087551]], ""type"": ""LineString""}",75.49658114330745
RGAouPDP,"48.84779692488252, 2.259214819983484","{""coordinates"": [[2.25819927228045, 48.8475391263808], [2.25843960485661, 48.8478022263653], [2.259184017173, 48.8477858977087], [2.25925086620317, 48.8477501421767], [2.2595823032205, 48.8477693266765], [2.26004848303889, 48.8478464535766], [2.26016569881042, 48.8481232103049]], ""type"": ""LineString""}",283.5812365452344